row,col,deg,state,res
2,7,135,0,1
1,12,21,0,-1
1,18,45,0,-1
2,0,38,0,-1
2,16,135,0,-1
1,5,135,0,-1
1,16,135,0,-1
1,9,45,0,-1
2,1,135,0,-1
1,14,135,0,-1
2,13,45,0,-1
1,0,45,0,-1
2,10,135,0,-1
2,10,30,0,-1
1,3,11,0,-1
2,4,168,0,-1
1,9,135,0,1
1,10,45,0,-1
2,16,21,0,-1
1,7,11,0,-1
1,14,168,0,-1
1,8,38,0,-1
1,3,141,0,-1
1,13,135,0,-1
2,2,45,0,-1
1,14,158,0,-1
1,8,21,0,-1
2,11,149,0,1
2,4,168,1,1
2,8,30,0,-1
1,1,38,0,-1
1,14,45,0,-1
2,4,149,0,-1
2,16,30,0,-1
1,1,11,0,-1
2,12,158,0,-1
2,2,21,0,-1
2,4,11,0,-1
1,10,168,0,-1
2,17,38,0,-1
2,0,135,0,-1
2,8,158,0,-1
1,2,149,0,-1
1,2,30,0,-1
2,9,30,0,-1
1,13,30,0,-1
2,5,158,0,-1
2,9,11,0,-1
1,18,30,0,-1
2,18,21,0,1
1,13,141,0,1
2,18,149,0,-1
1,8,135,0,1
2,-1,45,0,1
2,17,45,0,-1
2,4,30,0,-1
2,9,21,0,-1
1,10,45,1,-1
2,14,168,0,-1
1,3,45,0,-1
2,18,45,0,-1
1,5,45,0,-1
1,7,135,0,1
1,18,45,1,-1
1,3,38,0,-1
2,11,30,0,-1
2,10,11,0,-1
1,16,45,0,-1
1,5,45,1,-1
2,14,38,0,-1
1,4,135,0,-1
2,8,158,1,-1
2,0,135,1,-1
2,13,135,0,-1
1,8,11,0,-1
2,1,21,0,-1
2,1,168,0,1
1,6,141,0,-1
1,15,141,0,-1
2,9,30,1,-1
2,1,30,0,-1
2,9,45,0,-1
1,13,21,0,-1
2,18,45,1,-1
2,5,38,0,-1
1,18,168,0,-1
2,13,11,0,-1
1,6,149,0,-1
1,0,149,0,-1
1,5,30,0,-1
2,12,30,0,-1
2,6,135,0,1
1,17,38,0,-1
1,12,38,0,-1
2,8,38,0,-1
1,2,38,0,-1
2,2,141,0,-1
1,17,149,0,-1
2,4,141,0,-1
2,12,158,1,-1
2,1,30,1,-1
2,1,135,1,-1
1,14,141,0,-1
1,17,168,0,-1
2,0,21,0,-1
1,5,135,1,1
2,10,135,1,1
1,14,45,1,-1
1,5,168,0,1
1,7,11,1,-1
2,15,11,0,-1
1,9,149,0,-1
2,16,135,1,-1
2,8,11,0,-1
2,10,168,0,-1
2,8,11,1,-1
1,17,21,0,1
2,4,158,0,-1
1,3,135,0,-1
1,14,149,0,1
1,9,149,1,1
2,18,141,0,-1
2,14,11,0,-1
1,5,21,0,-1
2,2,158,0,-1
1,9,30,0,-1
1,3,38,1,-1
1,13,21,1,1
2,15,149,0,-1
1,12,141,0,1
1,10,45,2,-1
1,11,30,0,-1
1,3,135,1,-1
1,14,135,1,-1
2,4,38,0,-1
1,12,38,1,-1
2,8,38,1,-1
2,2,38,0,-1
2,14,21,0,-1
1,12,168,0,-1
1,1,11,1,-1
2,7,158,0,-1
2,5,30,0,-1
2,17,11,0,-1
1,12,21,1,1
1,6,11,0,-1
2,1,38,0,-1
1,5,141,0,-1
1,10,11,0,-1
1,8,158,0,-1
1,1,38,1,-1
2,12,141,0,-1
1,12,45,0,-1
2,9,38,0,-1
2,0,21,1,-1
1,6,158,0,-1
1,10,30,0,-1
1,16,30,0,-1
2,7,141,0,1
2,7,158,1,-1
2,11,30,1,-1
1,15,30,0,-1
2,5,158,1,-1
1,0,45,1,-1
1,15,158,0,-1
2,3,11,0,-1
1,13,135,1,-1
1,1,158,0,-1
1,6,141,1,1
2,6,168,0,-1
2,4,11,1,1
2,5,149,0,-1
1,18,21,0,1
2,5,11,0,-1
2,18,158,0,1
2,5,168,0,-1
2,9,45,1,-1
2,2,135,0,-1
2,14,135,0,-1
2,12,45,0,-1
1,16,11,0,-1
2,0,168,0,1
2,12,11,0,-1
1,10,11,1,-1
1,13,45,0,-1
2,8,45,0,-1
2,14,21,1,1
2,15,135,0,-1
2,0,45,0,-1
1,16,141,0,-1
1,8,11,1,-1
1,9,38,0,-1
2,5,38,1,-1
1,0,141,0,-1
1,9,30,1,-1
1,1,135,0,-1
1,14,158,1,-1
2,8,45,1,-1
1,17,11,0,-1
2,14,168,1,-1
1,11,11,0,-1
2,9,21,1,-1
2,14,11,1,-1
2,14,11,2,-1
1,4,158,0,-1
2,7,141,0,-1
2,6,149,0,-1
2,13,135,1,-1
1,1,158,1,-1
2,8,30,1,-1
2,11,21,0,-1
1,14,45,2,-1
1,2,45,0,-1
2,18,45,2,-1
1,6,45,0,-1
1,12,149,0,1
2,2,168,0,1
1,8,45,0,-1
1,17,168,1,-1
1,10,11,2,-1
1,15,21,0,1
1,17,30,0,-1
2,7,149,0,-1
2,18,45,3,-1
1,1,21,0,-1
2,14,168,2,-1
2,15,141,0,-1
2,17,38,1,-1
2,12,38,0,-1
1,9,45,1,-1
2,15,30,0,-1
1,4,149,0,-1
2,11,45,0,-1
1,14,21,0,1
2,11,158,0,-1
2,10,21,0,-1
1,9,168,0,-1
2,17,11,1,-1
1,10,45,3,-1
2,0,135,2,1
1,14,135,2,1
1,11,45,0,-1
2,0,45,1,-1
2,11,135,0,-1
2,14,45,0,-1
1,10,11,3,-1
1,16,168,0,-1
2,6,38,0,-1
2,11,45,1,-1
2,9,21,2,-1
1,9,168,1,1
1,2,141,0,-1
1,18,38,0,-1
1,13,38,0,-1
1,8,38,1,-1
2,4,38,1,-1
2,1,141,0,-1
2,14,158,0,-1
1,10,21,0,-1
1,10,11,4,-1
1,8,38,2,-1
1,3,30,0,-1
1,8,30,0,-1
2,15,11,1,-1
1,7,11,2,-1
1,16,21,0,1
1,-1,21,0,1
1,4,21,0,-1
2,0,11,0,1
1,10,168,1,-1
2,5,158,2,-1
2,0,45,2,-1
2,15,135,1,-1
2,0,38,1,-1
1,17,30,1,-1
1,5,149,0,-1
2,15,168,0,-1
2,0,30,0,-1
2,0,141,0,-1
1,17,158,0,-1
2,9,168,0,-1
2,6,141,0,-1
2,2,135,1,-1
2,9,158,0,-1
2,8,21,0,-1
1,18,38,1,-1
2,1,141,1,-1
2,17,141,0,-1
2,0,30,1,-1
2,11,30,2,-1
2,11,38,0,-1
2,10,45,0,-1
2,5,141,0,-1
2,10,149,0,-1
1,9,51,0,-1
1,11,153,0,-1
1,18,14,0,-1
2,14,135,1,-1
2,11,36,0,-1
2,14,26,0,-1
1,8,153,0,-1
1,11,26,0,-1
2,8,128,0,1
1,4,128,0,-1
2,17,51,0,-1
2,0,128,0,-1
2,11,45,2,-1
1,10,36,0,-1
2,8,36,0,-1
2,5,36,0,-1
2,2,36,0,-1
2,7,153,0,-1
1,4,26,0,-1
2,4,143,0,-1
1,14,165,0,-1
2,17,14,0,-1
2,0,165,0,-1
1,15,165,0,-1
1,12,14,0,-1
1,7,165,0,-1
2,12,36,0,-1
1,0,45,2,-1
1,18,128,0,-1
1,2,51,0,-1
1,17,153,0,1
1,15,153,0,1
2,8,165,0,-1
2,17,26,0,-1
2,6,153,0,-1
2,18,135,0,-1
1,3,128,0,-1
1,17,51,0,-1
2,0,51,0,-1
2,16,128,0,-1
1,3,51,0,-1
2,12,128,0,-1
1,7,51,0,-1
2,8,128,0,-1
1,4,128,1,1
2,16,51,0,-1
2,0,128,1,-1
1,18,128,1,-1
1,1,51,0,-1
2,14,128,0,-1
2,6,51,0,-1
2,11,128,0,-1
1,8,51,0,-1
2,7,128,0,1
1,7,45,0,-1
1,18,36,0,-1
2,8,45,2,-1
1,4,135,1,1
1,5,128,0,1
2,2,135,2,1
1,12,135,0,-1
1,9,45,2,-1
2,10,51,0,-1
2,13,128,0,-1
2,11,26,0,-1
1,0,153,0,-1
2,14,26,1,-1
2,10,143,0,1
1,11,135,0,-1
1,14,45,3,-1
1,1,45,0,-1
2,0,51,1,-1
2,16,51,1,-1
2,0,128,2,1
2,4,165,0,-1
2,14,165,0,-1
1,15,135,0,-1
1,10,45,4,-1
1,1,135,1,-1
2,11,153,0,-1
2,14,45,1,-1
1,1,45,1,-1
1,7,153,0,-1
1,9,51,1,-1
1,12,135,1,1
2,0,143,0,-1
2,4,165,1,-1
1,8,14,0,-1
1,2,165,0,-1
2,13,14,0,-1
1,10,14,0,-1
1,3,165,0,-1
1,10,14,1,-1
1,5,153,0,-1
1,5,51,0,-1
2,17,51,1,-1
2,3,128,0,-1
2,4,153,0,-1
2,16,165,0,-1
1,10,165,0,-1
2,17,165,0,-1
2,13,45,1,-1
1,0,45,3,1
1,11,135,1,1
2,4,153,1,-1
1,16,14,0,-1
2,5,165,0,-1
2,5,51,0,-1
2,9,51,0,-1
2,10,153,0,-1
2,15,45,0,-1
2,6,51,1,-1
2,11,143,0,1
1,16,14,1,-1
1,10,165,1,-1
2,11,45,3,-1
1,10,51,0,-1
1,7,153,1,-1
1,4,165,0,-1
2,8,51,0,-1
1,13,143,0,1
1,9,51,2,-1
2,10,128,0,-1
1,2,128,0,-1
1,5,165,0,-1
2,6,45,0,-1
1,14,45,4,-1
1,14,14,0,-1
1,14,153,0,-1
1,6,165,0,-1
1,2,36,0,-1
2,10,45,1,-1
1,12,26,0,-1
1,10,143,0,1
1,4,165,1,-1
1,10,14,2,1
2,11,51,0,-1
2,1,165,0,-1
1,13,26,0,-1
1,6,135,0,-1
1,7,153,2,-1
2,13,26,0,-1
2,0,14,0,-1
1,4,51,0,-1
2,17,128,0,-1
2,6,45,1,-1
2,12,128,1,-1
1,9,14,0,-1
2,1,14,0,-1
1,9,26,0,-1
2,5,143,0,-1
2,15,143,0,-1
2,15,45,1,-1
1,6,51,0,-1
1,11,165,0,-1
2,6,165,0,-1
2,14,14,0,-1
2,0,14,1,-1
1,6,51,1,-1
2,17,128,1,-1
2,8,26,0,-1
2,5,135,0,1
2,4,128,0,1
2,4,14,0,-1
2,2,36,1,-1
2,0,143,1,-1
2,14,165,1,-1
2,17,128,2,-1
1,9,45,3,-1
1,5,165,1,-1
2,11,26,1,-1
1,13,36,0,-1
2,2,36,2,-1
1,18,128,2,-1
1,3,14,0,1
2,1,45,0,-1
1,7,165,1,-1
1,12,36,0,-1
1,2,36,1,-1
2,6,165,1,-1
1,10,51,1,-1
1,6,128,0,1
1,13,51,0,-1
1,2,143,0,-1
1,5,143,0,-1
1,18,128,3,-1
1,6,26,0,-1
2,6,165,2,-1
2,7,165,0,-1
2,10,36,0,-1
2,8,26,1,-1
2,13,14,1,-1
1,3,165,1,-1
2,1,45,1,-1
1,17,143,0,-1
1,13,45,1,-1
1,9,26,1,-1
2,17,45,1,-1
2,5,45,0,-1
1,17,45,0,-1
2,6,45,2,-1
1,6,135,1,1
1,5,165,2,-1
1,3,128,1,1
1,5,36,0,-1
1,11,36,0,-1
1,1,51,1,-1
2,14,165,2,-1
2,18,51,0,-1
1,0,51,0,-1
1,8,143,0,-1
2,14,135,2,1
1,2,14,0,1
1,0,51,1,-1
2,13,135,2,1
1,3,135,2,1
2,11,165,0,-1
2,18,26,0,-1
1,9,143,0,1
1,13,36,1,-1
2,2,45,1,-1
2,11,165,1,-1
2,12,165,0,-1
1,17,165,0,-1
1,16,153,0,1
2,14,45,2,-1
1,1,45,2,-1
1,8,51,1,-1
1,15,51,0,-1
2,12,26,0,-1
1,3,153,0,-1
1,1,135,2,1
1,14,153,1,1
2,11,165,2,-1
1,16,36,0,-1
2,10,14,0,-1
1,0,165,0,-1
1,3,143,0,-1
1,16,51,0,-1
2,15,26,0,-1
2,2,165,0,-1
2,12,165,1,-1
2,14,51,0,-1
2,17,51,2,-1
2,-1,51,0,-1
1,9,36,0,-1
1,5,45,2,-1
1,13,128,0,-1
1,0,128,0,-1
2,4,165,2,-1
1,11,45,1,-1
1,14,14,1,-1
2,13,153,0,1
1,14,51,0,-1
2,14,153,0,1
2,-1,26,0,1
2,2,153,0,-1
2,4,36,0,-1
2,11,45,4,-1
2,10,36,1,-1
1,2,143,1,-1
1,15,51,1,-1
1,8,51,2,-1
1,17,165,1,-1
2,19,135,0,-1
2,3,153,0,-1
2,12,14,0,-1
1,6,135,1,-1
2,12,45,1,-1
1,10,45,5,-1
1,8,51,3,-1
1,18,14,1,-1
1,17,36,0,-1
2,5,128,0,1
2,3,143,0,-1
2,11,165,3,-1
1,11,14,0,-1
1,9,36,1,-1
2,1,143,0,-1
1,18,26,0,1
2,12,165,2,-1
2,11,165,4,-1
2,7,36,0,-1
1,18,165,0,-1
1,17,45,1,-1
1,8,128,0,1
2,0,14,2,1
2,7,51,0,-1
1,11,143,0,1
2,14,143,0,-1
2,15,165,0,-1
2,17,45,2,-1
2,5,45,1,-1
1,14,165,1,-1
2,11,45,5,-1
1,9,45,4,-1
2,1,135,2,1
1,15,135,1,-1
2,11,45,6,-1
2,5,165,1,-1
2,12,45,2,-1
1,12,14,1,-1
2,2,165,1,-1
2,8,45,3,-1
1,13,45,2,-1
2,12,26,1,-1
2,9,128,0,-1
2,14,26,2,-1
1,4,165,2,-1
2,5,51,1,-1
2,15,135,2,-1
2,11,26,2,-1
1,10,128,0,-1
1,5,36,1,-1
2,1,14,1,-1
2,3,51,0,-1
1,16,143,0,-1
1,1,14,0,1
2,15,143,1,1
2,12,51,0,-1
2,0,26,0,-1
1,12,26,1,-1
2,14,45,3,-1
1,1,45,3,-1
2,11,51,1,-1
1,13,45,3,-1
2,13,14,2,1
2,12,51,1,-1
1,13,45,4,-1
2,8,45,4,-1
2,15,36,0,-1
2,9,36,0,-1
1,4,36,0,-1
2,2,36,3,-1
1,1,143,0,-1
1,6,14,0,-1
1,7,153,3,1
2,6,26,0,-1
2,4,143,1,-1
2,9,128,1,1
2,5,36,1,-1
1,16,14,2,-1
1,11,153,1,-1
2,10,45,2,-1
2,11,51,2,-1
2,2,165,2,-1
1,12,14,2,-1
2,14,36,0,-1
2,8,14,0,1
2,3,26,0,-1
2,2,14,0,-1
2,15,153,0,1
2,3,14,0,-1
1,11,165,1,-1
2,10,36,2,-1
2,6,36,0,-1
2,13,26,1,-1
2,9,45,2,-1
1,8,14,1,1
1,11,51,0,-1
1,4,165,3,1
1,11,36,1,-1
2,13,128,1,-1
1,6,51,2,-1
2,18,135,1,-1
2,7,45,0,-1
2,1,153,0,-1
1,10,26,0,-1
2,1,165,1,-1
2,15,14,0,-1
2,17,36,0,-1
2,2,36,4,-1
1,12,45,1,-1
2,3,128,1,1
2,7,143,0,-1
1,14,143,0,-1
2,17,128,3,-1
2,14,14,1,-1
1,3,165,2,1
1,6,14,1,1
1,8,36,0,-1
2,6,36,1,-1
2,3,36,0,-1
2,6,128,0,1
1,2,26,0,-1
1,12,51,0,-1
1,15,51,2,-1
1,1,128,0,-1
2,11,128,1,-1
2,9,51,1,-1
2,12,51,2,-1
1,14,51,1,-1
2,2,128,0,-1
2,8,135,0,1
2,16,45,0,-1
1,3,45,1,-1
1,10,45,6,-1
2,10,45,3,-1
1,10,45,7,1
1,6,143,0,-1
2,16,128,1,-1
2,9,14,0,1
2,1,26,0,-1
2,15,26,1,-1
1,13,128,1,-1
2,7,51,1,-1
1,10,128,1,1
2,10,51,1,-1
2,13,51,0,-1
1,16,51,1,-1
2,6,143,0,-1
1,15,128,0,-1
1,8,165,0,-1
2,12,45,3,-1
2,10,45,4,-1
2,12,45,4,-1
1,9,45,5,-1
1,12,45,2,-1
2,4,165,3,-1
2,6,51,2,-1
1,16,135,1,-1
1,9,45,6,-1
1,2,135,0,-1
2,12,45,5,-1
2,0,45,3,1
1,13,135,2,1
2,13,45,2,-1
1,6,153,0,-1
1,7,26,0,-1
1,6,143,1,-1
2,1,165,2,-1
2,11,128,2,1
2,6,14,0,1
2,5,45,2,-1
1,17,36,1,-1
1,2,143,2,-1
1,6,143,2,1
2,15,143,1,-1
1,17,36,2,-1
1,5,14,0,1
1,7,165,2,-1
2,14,14,2,1
1,11,14,1,-1
1,5,165,3,1
1,9,26,2,-1
2,12,14,1,-1
1,11,128,0,-1
1,12,14,3,1
1,7,143,0,-1
2,11,45,7,1
1,3,143,1,-1
2,5,143,1,1
2,14,143,1,1
2,18,143,0,-1
1,15,36,0,-1
1,11,36,2,-1
1,14,51,2,-1
1,2,165,1,-1
2,8,26,2,-1
1,13,165,0,-1
1,7,45,1,-1
2,3,135,0,-1
2,10,45,5,-1
1,2,135,1,-1
1,11,45,2,-1
2,12,135,0,-1
1,12,45,3,-1
2,1,45,2,-1
2,0,153,0,-1
1,4,51,1,-1
1,18,45,2,-1
2,14,51,1,-1
1,8,45,1,-1
1,15,135,2,1
1,8,36,1,-1
1,5,36,2,-1
2,3,36,1,-1
1,1,143,1,-1
2,3,143,1,-1
2,10,45,6,-1
1,11,36,3,-1
1,2,36,2,-1
1,12,36,1,-1
1,0,51,2,1
1,10,165,2,-1
2,19,45,0,-1
1,19,45,0,-1
1,19,45,1,-1
1,19,45,2,-1
1,19,45,3,-1
1,19,45,4,-1
1,19,45,5,-1
1,19,45,6,-1
1,19,45,7,1
1,6,165,1,-1
2,1,153,1,-1
1,10,26,1,-1
2,7,153,1,-1
1,2,45,1,-1
1,17,165,2,-1
2,17,143,0,-1
1,4,143,0,-1
1,10,165,3,-1
1,16,14,3,-1
1,11,153,2,1
2,9,26,0,-1
2,0,165,1,-1
2,7,36,1,-1
1,8,36,2,-1
2,3,135,1,1
2,4,165,4,1
2,17,165,1,-1
2,6,165,3,-1
2,16,165,1,-1
1,15,128,1,-1
1,5,51,1,-1
1,17,135,0,-1
2,10,45,7,1
1,16,135,2,1
1,9,45,7,1
1,2,135,2,1
2,12,45,6,-1
1,12,45,4,-1
2,11,135,1,1
2,14,45,4,-1
1,1,45,4,1
2,10,26,0,-1
2,-1,51,1,-1
2,-1,51,2,-1
2,-1,51,3,-1
2,-1,51,4,-1
2,-1,51,5,-1
1,-1,51,0,1
2,2,165,3,1
1,8,36,3,-1
2,0,36,0,-1
2,3,165,0,-1
2,6,26,1,-1
1,1,143,2,-1
2,10,128,1,1
1,8,51,4,-1
2,12,14,2,1
1,2,143,3,1
2,16,135,2,-1
2,6,36,2,-1
1,1,143,3,1
1,17,36,3,1
2,5,153,0,-1
2,8,26,3,-1
1,9,51,3,-1
2,13,51,1,-1
1,15,51,3,-1
2,1,128,0,-1
1,16,45,1,-1
1,4,45,0,-1
1,18,45,3,-1
2,7,45,1,-1
2,4,135,0,-1
2,7,143,1,1
1,10,36,1,-1
1,5,26,0,-1
1,8,143,1,1
2,14,128,1,-1
1,2,36,3,-1
1,0,143,0,-1
2,2,143,0,-1
2,17,143,1,-1
1,15,36,1,-1
1,12,36,2,-1
1,8,36,4,-1
1,5,36,3,-1
1,2,36,4,-1
2,0,36,1,-1
1,15,45,0,-1
1,3,45,2,-1
1,16,45,2,-1
1,4,45,1,-1
2,18,135,2,-1
2,7,45,2,-1
1,7,165,3,-1
1,11,26,1,-1
1,6,165,2,-1
1,10,26,2,-1
2,16,51,2,-1
2,10,36,3,-1
2,13,26,2,-1
2,4,14,1,1
2,2,45,2,-1
2,18,135,3,-1
2,17,135,0,-1
1,7,45,2,-1
2,15,51,0,-1
2,1,128,1,1
2,18,51,1,-1
2,15,26,2,1
2,13,128,2,-1
1,3,26,0,-1
1,1,143,3,-1
1,7,165,4,1
2,10,51,2,-1
1,11,36,4,-1
2,1,51,0,-1
2,15,128,0,-1
1,4,51,2,-1
1,11,45,3,-1
2,7,36,2,-1
2,3,36,2,-1
2,0,36,2,-1
2,1,128,1,-1
1,15,45,1,-1
1,6,36,0,-1
1,8,36,5,-1
1,14,14,2,-1
2,18,45,4,1
2,5,45,3,-1
1,5,26,1,-1
1,4,14,0,1
2,5,153,1,-1
2,11,36,1,-1
2,17,51,3,-1
2,15,51,1,-1
1,2,128,1,1
1,17,51,1,-1
2,3,165,1,-1
1,11,36,5,-1
2,3,51,1,-1
1,17,128,0,-1
2,6,51,3,-1
2,12,165,3,-1
1,6,165,3,1
2,4,153,2,-1
2,9,135,0,1
2,15,45,2,-1
2,6,51,4,1
1,18,135,0,-1
1,3,51,1,-1
2,16,135,3,1
2,1,51,1,-1
2,5,153,2,-1
1,9,51,4,-1
2,14,51,2,-1
1,17,14,0,-1
1,16,45,3,-1
2,6,26,2,-1
1,0,14,0,-1
1,2,26,1,-1
2,16,143,0,-1
2,16,143,1,-1
2,10,51,3,-1
2,15,45,3,-1
1,6,51,3,-1
2,10,153,1,1
1,17,165,3,-1
2,17,153,0,1
1,14,51,3,-1
2,0,143,2,-1
2,15,45,4,-1
1,13,14,0,-1
2,9,51,2,-1
2,12,51,3,-1
1,14,51,4,-1
1,17,51,2,-1
2,11,51,3,-1
1,9,51,5,-1
2,12,51,4,-1
1,15,51,4,-1
2,13,36,0,-1
2,1,36,0,-1
1,11,51,1,-1
2,15,51,2,-1
1,13,128,2,1
2,4,45,0,-1
2,17,45,3,-1
2,5,45,4,-1
2,18,135,4,1
1,5,45,3,-1
2,5,135,0,-1
1,14,128,0,-1
2,1,45,3,1
1,17,45,2,-1
1,0,36,0,-1
2,4,153,3,-1
2,7,45,3,-1
2,14,26,3,1
2,12,51,5,-1
2,14,36,1,-1
2,3,36,3,-1
1,8,165,1,-1
1,18,14,2,-1
2,12,153,0,-1
2,17,36,1,-1
2,13,36,1,-1
1,9,36,2,-1
2,7,36,3,-1
2,3,36,4,-1
1,0,143,1,-1
2,17,36,2,-1
2,13,36,2,-1
2,10,36,4,-1
2,6,36,3,-1
2,3,36,5,1
2,0,143,3,1
2,16,51,3,-1
1,1,128,1,-1
1,6,153,1,-1
2,10,36,5,-1
1,5,45,4,-1
2,3,143,2,1
1,7,14,0,-1
2,17,36,3,-1
2,4,143,2,1
2,8,143,0,1
2,13,143,0,-1
1,17,143,1,-1
1,16,36,1,-1
2,14,36,2,-1
2,3,165,2,-1
1,11,26,2,-1
1,14,36,0,-1
1,16,143,1,1
2,17,45,4,-1
2,10,51,4,-1
1,7,128,0,1
2,13,51,2,-1
1,15,51,5,-1
1,9,165,0,-1
1,13,51,1,-1
2,14,45,5,-1
1,6,51,4,-1
1,18,153,0,1
1,5,51,2,-1
1,2,26,2,-1
2,18,26,1,1
1,8,153,1,-1
1,9,36,3,-1
2,2,143,1,-1
2,17,36,4,1
1,0,135,0,-1
2,1,165,3,1
2,1,26,1,-1
2,2,51,0,-1
1,15,128,2,-1
2,2,45,3,-1
1,10,135,0,1
1,16,51,2,-1
1,8,26,0,-1
2,13,36,3,-1
1,2,26,3,-1
1,17,51,3,-1
1,11,26,3,1
2,11,26,3,-1
1,6,153,2,-1
1,3,143,2,-1
1,13,51,2,-1
2,11,51,4,-1
1,13,51,3,-1
2,9,51,3,-1
2,16,45,1,-1
2,3,14,1,1
1,4,51,3,-1
2,16,36,0,-1
1,7,36,0,-1
2,5,36,2,-1
2,18,153,0,-1
1,8,165,2,-1
1,14,14,3,-1
1,16,135,2,-1
1,5,153,1,-1
1,11,14,2,1
1,2,165,2,1
2,5,51,2,-1
1,18,135,1,-1
2,3,45,0,-1
2,17,135,1,-1
2,1,14,2,1
2,9,51,4,-1
1,12,165,0,-1
1,14,36,1,-1
2,8,26,4,-1
2,17,143,2,1
2,13,36,4,-1
2,11,14,0,-1
2,3,165,3,-1
1,11,36,6,1
1,3,51,2,-1
1,17,128,1,-1
2,1,51,2,1
1,16,36,2,-1
2,7,14,0,1
2,2,128,1,1
2,10,36,6,-1
2,2,45,4,1
2,10,165,0,-1
2,9,143,0,1
2,6,165,4,-1
1,7,14,1,1
2,3,165,4,1
1,13,26,1,-1
1,11,128,1,-1
2,5,14,0,1
1,2,26,4,-1
1,1,128,2,1
1,6,51,5,1
1,11,128,2,1
2,9,51,5,-1
1,11,51,2,-1
1,14,51,5,-1
1,17,51,4,-1
2,9,51,6,1
2,13,36,5,1
2,3,51,2,-1
1,16,36,3,1
2,0,51,2,1
2,13,143,1,1
1,14,26,0,-1
2,7,153,2,-1
2,12,36,1,-1
1,16,14,4,-1
1,10,26,3,-1
1,6,153,3,-1
2,7,51,2,-1
1,19,128,0,-1
2,16,165,2,-1
2,7,165,1,-1
1,16,14,5,1
1,17,51,5,1
1,0,128,1,-1
1,18,128,4,1
2,2,51,1,-1
2,14,128,2,-1
1,5,51,3,-1
2,18,165,0,-1
2,11,26,4,1
2,5,51,3,-1
2,10,165,1,-1
2,15,26,2,-1
1,5,36,4,-1
1,2,36,5,1
1,1,165,0,-1
1,12,45,5,-1
2,9,26,1,-1
2,0,165,2,-1
1,5,51,4,1
2,11,165,5,-1
2,12,26,2,-1
1,9,153,0,-1
2,12,36,2,-1
2,4,51,0,-1
2,7,51,3,-1
2,2,14,1,1
2,4,45,1,-1
1,13,153,0,-1
2,2,26,0,-1
1,14,26,1,-1
2,13,45,3,-1
1,17,135,1,-1
2,9,45,3,-1
2,12,135,1,-1
1,12,45,6,1
2,10,36,7,1
1,6,45,1,-1
1,15,26,0,-1
2,12,165,4,-1
2,18,165,1,-1
1,12,153,0,-1
1,13,45,5,-1
1,11,14,2,-1
1,12,128,0,-1
1,6,153,4,1
1,6,26,1,-1
2,16,153,0,1
1,5,153,2,-1
2,10,26,1,-1
2,1,153,2,-1
1,10,26,4,1
1,9,36,4,-1
2,6,45,3,-1
1,12,165,1,-1
1,13,26,2,1
1,17,165,4,-1
1,8,153,2,-1
2,11,153,1,1
2,11,51,5,-1
2,14,51,3,-1
1,8,51,5,-1
2,16,51,4,-1
1,8,45,2,-1
1,12,153,1,1
2,14,45,6,1
2,15,14,1,-1
2,16,51,5,-1
1,13,51,4,-1
1,16,51,3,-1
1,13,51,5,-1
2,11,36,2,-1
2,12,51,6,-1
1,15,51,6,1
1,9,51,6,1
2,12,51,7,-1
2,15,51,3,-1
1,14,51,6,1
2,18,51,2,-1
2,7,141,1,1
1,2,158,0,-1
2,10,30,1,-1
1,1,21,1,-1
1,1,168,0,-1
2,18,38,0,-1
1,6,38,0,-1
1,3,149,0,-1
2,17,21,0,1
1,16,30,1,-1
2,9,149,0,-1
1,11,168,0,-1
1,11,141,0,1
2,16,141,0,-1
1,15,38,0,-1
2,4,149,1,-1
1,11,168,1,-1
2,1,149,0,-1
1,18,11,0,-1
2,12,11,1,-1
1,1,149,0,-1
1,17,168,2,-1
1,5,11,0,-1
2,2,11,0,1
1,8,45,3,-1
1,10,158,0,-1
1,10,21,1,-1
1,12,168,1,-1
2,6,141,1,1
2,12,45,7,1
1,11,45,4,-1
2,13,45,4,-1
1,10,11,5,-1
1,11,21,0,-1
2,17,141,1,-1
2,3,168,0,1
2,16,45,2,-1
1,5,30,1,-1
2,18,168,0,-1
2,17,11,2,-1
1,10,168,2,1
1,2,168,0,-1
1,3,149,1,-1
1,8,141,0,-1
1,17,38,1,-1
1,1,149,1,-1
2,1,141,2,-1
2,2,11,0,-1
1,17,38,2,-1
2,8,30,2,-1
2,5,21,0,-1
1,0,158,0,-1
1,5,158,0,-1
1,3,149,2,-1
1,9,149,1,-1
2,18,149,1,-1
2,6,11,0,-1
2,2,38,1,-1
1,8,149,0,-1
2,7,168,0,-1
1,10,11,6,1
2,5,135,1,1
1,10,141,0,1
1,15,141,1,-1
2,3,11,1,1
1,7,168,0,1
1,6,11,1,-1
1,11,38,0,-1
1,9,21,0,-1
2,12,11,2,-1
2,12,149,0,1
1,9,158,0,-1
2,5,45,5,1
2,8,158,2,-1
1,5,30,2,-1
2,5,21,1,-1
2,6,158,0,-1
1,1,168,1,1
2,8,45,5,-1
1,18,38,2,-1
2,1,141,3,1
2,8,149,0,-1
1,3,168,0,1
1,3,21,0,-1
2,5,158,3,-1
1,18,158,0,-1
2,10,45,7,-1
2,14,30,0,-1
2,8,45,6,1
2,17,30,0,-1
1,13,141,0,-1
1,0,11,0,-1
2,9,11,1,-1
1,14,38,0,-1
1,9,30,2,-1
1,1,141,0,-1
2,13,141,0,-1
1,8,141,1,1
1,8,168,0,-1
1,7,38,0,-1
1,9,30,3,-1
2,11,38,1,-1
1,4,38,0,-1
2,0,38,2,-1
2,6,158,1,-1
1,8,168,1,1
1,7,30,0,-1
1,11,11,1,-1
1,11,30,1,-1
2,0,21,2,-1
2,8,11,2,-1
1,9,38,1,-1
2,8,38,2,-1
1,13,11,0,-1
2,18,38,1,-1
2,17,11,3,-1
1,14,11,0,-1
1,6,30,0,-1
2,3,30,0,-1
1,7,30,1,-1
1,12,30,0,-1
2,6,21,0,-1
2,6,168,1,-1
2,0,158,0,-1
1,5,141,1,-1
2,13,158,0,-1
1,6,168,0,1
1,12,11,0,-1
2,16,21,1,1
2,6,45,4,-1
1,15,38,1,-1
1,18,168,1,-1
1,8,149,1,-1
1,16,45,4,-1
2,0,30,2,-1
1,10,30,1,-1
2,0,30,3,-1
1,5,149,1,-1
2,6,158,2,-1
1,5,38,0,-1
1,3,149,3,-1
1,4,21,1,-1
1,14,38,1,-1
1,6,11,2,-1
2,15,38,0,-1
2,3,30,1,-1
1,7,21,0,-1
2,5,168,1,-1
2,8,30,3,-1
1,2,30,1,-1
2,9,30,2,-1
1,2,21,0,-1
2,11,11,0,-1
2,10,168,1,-1
1,13,45,6,1
2,1,11,0,1
1,11,45,5,-1
1,13,11,1,-1
1,9,21,1,-1
1,15,158,1,-1
2,11,30,3,-1
2,7,11,0,-1
1,17,158,1,1
1,7,30,2,-1
2,2,38,2,-1
2,18,30,0,-1
2,7,11,1,-1
2,14,168,3,-1
1,8,45,4,-1
2,15,45,5,1
1,15,30,1,-1
1,17,149,1,1
1,13,149,0,1
1,8,149,2,1
1,4,149,1,-1
1,8,30,1,-1
1,9,30,4,-1
2,4,45,2,-1
1,16,168,1,-1
1,2,11,0,-1
2,9,168,1,-1
2,12,11,3,-1
1,15,168,0,-1
2,3,45,1,-1
2,12,30,1,-1
1,5,30,3,-1
2,5,30,1,-1
2,1,38,1,-1
1,15,45,2,-1
1,4,45,2,-1
2,18,141,1,-1
2,3,21,0,-1
1,11,149,0,-1
1,17,30,2,1
2,5,141,1,1
2,17,141,2,-1
1,1,149,2,-1
1,8,45,5,-1
1,10,149,0,-1
1,4,45,3,-1
2,12,135,2,1
2,13,45,5,-1
1,7,30,3,-1
1,0,38,0,-1
2,11,38,2,-1
1,13,30,1,-1
1,7,141,0,-1
1,13,158,0,-1
2,15,21,0,-1
1,1,21,2,-1
1,15,11,0,-1
1,17,45,3,-1
2,0,38,3,-1
1,-1,45,7,-1
2,-1,45,1,-1
2,-1,45,2,-1
2,-1,45,3,-1
2,-1,45,4,-1
2,-1,45,5,-1
2,-1,45,6,-1
2,-1,45,7,-1
2,-1,45,0,-1
2,6,146,0,-1
2,18,59,0,-1
2,6,120,0,1
2,1,126,0,-1
1,7,53,0,-1
1,17,45,4,1
1,3,45,3,-1
1,18,33,0,-1
2,15,33,0,-1
2,16,33,0,-1
2,7,18,0,-1
2,7,59,0,-1
2,11,146,0,1
2,10,146,0,1
1,12,146,0,1
1,11,146,0,1
1,8,53,0,-1
2,12,146,0,1
1,15,146,0,1
2,10,120,0,-1
1,2,45,2,-1
1,11,161,0,-1
1,6,45,2,-1
1,12,33,0,-1
1,1,18,0,-1
2,7,120,0,-1
2,12,18,0,1
1,12,53,0,-1
1,7,146,0,-1
1,18,59,0,-1
2,13,59,0,-1
2,15,53,0,-1
1,13,53,0,-1
1,9,146,0,-1
2,18,120,0,-1
2,16,18,0,1
1,12,120,0,-1
2,7,18,1,-1
1,18,161,0,-1
2,3,59,0,-1
2,4,135,1,1
2,12,59,0,-1
1,10,120,0,-1
1,4,59,0,-1
2,17,120,0,-1
2,13,18,0,1
1,12,59,0,-1
2,10,126,0,-1
2,0,126,0,-1
2,18,53,0,-1
2,7,59,1,-1
2,15,120,0,-1
1,12,18,0,1
2,1,126,1,1
2,17,53,0,-1
1,1,126,0,-1
2,18,53,1,-1
2,7,59,2,-1
2,15,120,1,-1
1,0,120,0,-1
2,16,59,0,-1
2,9,53,0,-1
1,14,120,0,-1
1,4,45,4,-1
2,18,146,0,-1
2,4,146,0,-1
2,15,33,1,-1
1,15,33,0,-1
1,16,33,0,-1
2,18,33,0,-1
2,18,146,1,-1
2,17,146,0,-1
1,6,161,0,-1
1,4,161,0,-1
2,0,18,0,-1
2,2,18,0,-1
2,4,18,0,-1
1,8,53,1,-1
1,10,126,0,-1
2,9,53,1,-1
1,9,126,0,-1
1,10,53,0,-1
2,7,126,0,1
2,11,53,0,-1
1,7,126,0,1
1,11,53,0,-1
1,12,53,1,-1
1,6,126,0,1
2,13,53,0,-1
1,5,126,0,1
2,14,53,0,-1
1,4,126,0,1
1,14,53,0,-1
2,3,126,0,-1
1,15,53,0,-1
1,2,126,0,-1
2,17,53,1,-1
1,1,126,1,-1
2,18,53,2,-1
1,8,120,0,-1
2,1,120,0,-1
1,4,146,0,-1
2,16,59,1,-1
1,18,45,4,1
2,3,45,2,-1
2,17,45,5,1
1,3,45,4,-1
1,5,45,5,1
1,6,135,2,-1
2,0,161,0,-1
2,16,59,2,-1
2,15,33,2,-1
2,0,146,0,-1
2,15,33,3,-1
2,7,53,0,-1
2,17,120,1,-1
1,2,120,0,-1
2,13,59,1,-1
1,9,120,0,-1
2,1,33,0,-1
2,2,33,0,-1
1,2,33,0,-1
2,5,33,0,-1
1,4,33,0,-1
2,7,33,0,-1
2,8,33,0,-1
1,7,33,0,-1
1,8,33,0,-1
2,11,33,0,-1
2,12,33,0,-1
2,13,33,0,-1
2,14,33,0,-1
1,14,33,0,-1
2,16,33,1,-1
1,16,33,1,-1
1,17,33,0,-1
1,18,33,1,-1
2,17,146,1,-1
2,2,126,0,-1
2,14,33,1,-1
1,6,18,0,-1
1,15,33,1,-1
1,3,33,0,-1
2,6,33,0,-1
2,7,33,1,-1
1,6,33,0,-1
2,9,33,0,-1
1,8,33,1,-1
2,10,33,0,-1
1,3,120,0,1
2,2,146,0,-1
1,11,120,0,-1
2,5,59,0,-1
1,10,126,1,1
2,9,53,2,-1
2,8,126,0,-1
1,10,53,1,-1
1,18,33,2,1
1,12,45,6,-1
1,0,135,1,-1
2,14,53,1,-1
1,11,45,6,-1
1,8,59,0,-1
2,3,161,0,-1
1,14,59,0,-1
1,15,33,2,-1
2,2,146,1,-1
2,11,59,0,-1
1,11,120,1,-1
1,0,59,0,-1
1,16,59,0,-1
2,16,161,0,-1
1,0,135,2,-1
1,9,33,0,-1
2,1,161,0,-1
2,8,53,0,-1
1,15,45,3,-1
2,3,53,0,-1
1,15,126,0,-1
2,5,33,1,-1
1,6,18,1,-1
2,9,59,0,-1
2,16,126,0,-1
1,14,59,1,-1
2,19,146,0,-1
2,5,126,0,1
1,11,59,0,-1
1,15,161,0,-1
1,1,120,0,-1
1,14,59,2,-1
2,7,120,1,1
1,3,18,0,-1
2,8,18,0,-1
1,8,45,6,1
1,5,146,0,-1
2,14,120,0,-1
1,5,59,0,-1
2,15,126,0,-1
2,3,53,1,-1
2,2,33,1,-1
2,11,59,1,-1
1,16,161,0,-1
2,8,120,0,-1
2,7,59,3,-1
1,15,120,0,-1
1,0,59,1,-1
1,7,53,1,-1
1,12,161,0,-1
2,8,120,1,1
2,0,53,0,-1
2,4,161,0,-1
2,12,126,0,-1
2,2,53,0,-1
1,16,126,0,-1
1,3,53,0,-1
2,14,126,0,-1
2,5,53,0,-1
2,13,126,0,-1
2,0,120,0,-1
1,9,126,1,1
2,4,161,1,-1
1,6,161,1,-1
2,4,161,2,-1
1,11,120,2,1
2,18,126,0,-1
2,1,53,0,-1
2,18,146,2,1
1,4,33,1,-1
1,5,33,0,-1
2,7,33,2,-1
1,6,33,1,-1
2,9,33,1,-1
2,10,161,0,-1
2,3,146,0,-1
2,2,146,2,-1
2,11,161,0,-1
2,0,33,0,-1
1,11,59,1,-1
1,14,120,1,-1
1,8,33,2,-1
2,9,18,0,-1
2,12,59,1,-1
2,16,59,3,-1
1,9,120,1,1
2,7,161,0,-1
2,4,161,3,-1
2,8,126,1,1
1,7,18,0,-1
2,19,161,0,-1
2,0,59,0,-1
1,10,120,1,-1
1,4,59,1,-1
1,10,161,0,-1
2,14,33,2,-1
2,15,33,4,1
1,14,33,1,-1
1,5,146,1,-1
2,9,59,1,-1
1,16,161,1,-1
1,0,120,1,-1
1,7,161,0,-1
1,9,18,0,1
2,10,53,0,-1
2,16,45,3,-1
2,8,33,1,-1
1,6,45,3,-1
1,12,161,1,-1
1,4,146,1,-1
2,18,45,4,-1
2,6,33,1,-1
1,4,18,0,-1
1,16,45,5,1
1,18,135,2,-1
2,6,59,0,-1
2,18,53,3,-1
1,18,18,0,-1
1,17,161,0,-1
1,8,126,0,-1
2,11,53,1,-1
2,12,53,0,-1
1,12,53,2,-1
1,0,126,0,1
1,12,53,3,-1
2,4,126,0,1
2,14,53,2,-1
1,14,53,1,-1
1,15,53,1,-1
2,2,126,1,1
1,15,53,2,-1
1,16,53,0,-1
1,17,53,0,-1
1,1,126,2,1
2,4,161,4,-1
1,4,33,2,-1
2,10,59,0,-1
2,15,161,0,-1
2,0,33,1,-1
1,14,18,0,1
2,8,146,0,-1
2,10,161,1,-1
1,6,120,0,1
1,8,59,1,-1
2,18,120,1,-1
2,12,59,2,-1
2,-1,33,0,1
2,9,146,0,1
1,17,59,0,-1
1,4,120,0,1
1,10,59,0,-1
1,3,59,0,-1
1,18,120,0,-1
2,12,59,3,-1
2,7,146,0,-1
2,17,135,2,-1
2,0,59,1,-1
2,5,146,0,-1
1,5,146,2,1
1,16,59,1,-1
1,12,33,1,-1
2,3,18,0,-1
1,15,146,0,-1
1,14,146,0,1
1,12,30,1,-1
1,0,11,1,-1
1,14,168,1,-1
2,0,38,4,1
1,4,11,0,-1
2,10,168,2,-1
1,13,30,2,-1
1,6,149,1,-1
2,0,30,4,-1
2,0,21,3,-1
2,10,158,0,-1
2,15,11,2,-1
2,6,149,1,-1
2,9,38,1,-1
2,17,168,0,-1
2,9,21,3,1
2,13,149,0,1
2,9,149,1,1
2,4,149,2,-1
2,11,168,0,-1
1,7,158,0,-1
2,4,21,0,-1
2,14,30,1,-1
1,2,158,1,-1
2,3,149,0,-1
2,3,141,0,-1
1,2,45,3,-1
2,18,45,5,-1
1,0,38,1,-1
1,4,141,0,-1
2,15,141,1,-1
2,16,38,0,-1
2,4,30,1,-1
1,8,30,2,-1
2,15,30,1,-1
1,18,38,3,1
2,7,11,2,1
2,6,168,2,1
1,2,11,1,-1
2,15,30,2,-1
1,18,149,0,-1
2,2,149,0,-1
2,5,168,2,1
2,7,11,2,-1
1,11,30,2,-1
2,18,149,2,1
2,14,149,0,1
1,11,149,1,1
2,5,149,1,-1
1,1,149,3,-1
1,1,21,3,-1
2,7,158,2,-1
2,9,30,3,-1
2,9,11,2,-1
2,17,149,0,-1
1,4,11,1,-1
2,12,141,1,1
1,3,158,0,-1
1,14,158,2,1
2,1,158,0,-1
1,6,30,1,-1
2,7,21,0,-1
1,11,38,1,-1
1,5,30,4,-1
1,9,11,0,-1
1,14,11,1,-1
1,3,141,1,-1
2,6,149,2,1
1,16,168,2,-1
1,16,149,0,1
1,13,158,1,-1
1,9,11,1,-1
2,14,30,2,-1
2,16,11,0,-1
2,17,168,1,-1
1,11,11,2,-1
2,17,168,2,-1
1,9,38,2,-1
2,9,30,4,-1
1,5,11,1,-1
1,17,141,0,-1
2,10,38,0,-1
2,4,38,2,-1
1,2,141,1,-1
1,7,149,0,-1
1,15,38,2,-1
1,3,21,1,-1
2,0,141,1,-1
2,0,141,2,-1
2,0,141,3,-1
2,0,141,4,-1
2,0,141,5,-1
2,0,141,6,-1
1,0,141,1,-1
1,0,141,2,-1
1,0,141,3,-1
2,0,141,7,-1
1,0,141,4,-1
1,0,141,5,-1
2,0,141,0,1
2,9,11,3,1
1,1,141,1,-1
2,10,141,0,1
2,17,30,1,-1
1,16,11,1,-1
1,1,141,2,-1
2,16,158,0,-1
1,1,11,2,1
1,9,30,5,1
1,3,11,1,-1
2,15,158,0,-1
1,14,11,2,-1
2,11,21,1,-1
1,15,168,1,-1
2,15,38,1,-1
2,17,135,3,-1
1,4,30,0,-1
2,4,38,3,-1
2,5,158,4,-1
2,5,21,2,-1
1,13,158,2,-1
2,18,45,6,-1
1,6,158,1,-1
1,1,21,4,-1
2,1,21,1,-1
2,6,11,1,-1
1,12,168,2,1
2,-1,30,0,1
2,8,149,1,1
1,5,149,2,-1
2,6,11,2,1
1,8,45,6,-1
1,6,135,3,-1
1,18,135,3,-1
2,5,158,5,1
2,14,158,1,1
2,16,38,1,-1
1,1,30,0,-1
2,8,38,3,-1
2,4,149,3,1
2,17,30,2,-1
1,11,11,3,-1
2,8,30,4,-1
1,7,38,1,-1
2,3,38,0,-1
1,18,11,1,-1
2,0,30,5,1
1,2,30,2,-1
2,9,30,5,-1
1,2,149,1,-1
2,4,30,2,-1
2,10,30,2,-1
1,14,30,0,-1
1,15,45,4,-1
1,3,45,5,1
2,2,149,1,-1
2,8,141,0,1
2,15,11,3,-1
2,11,30,4,-1
1,19,141,0,-1
2,15,30,3,-1
2,18,30,1,-1
2,2,149,2,-1
2,4,158,1,-1
2,3,21,1,-1
1,14,11,3,-1
2,0,158,1,-1
1,9,38,3,-1
1,7,30,4,-1
1,1,30,1,-1
1,2,149,2,-1
2,4,30,3,-1
2,10,30,3,-1
2,15,30,4,1
1,6,11,3,-1
2,17,38,2,-1
2,12,38,1,-1
2,7,38,0,-1
2,2,38,3,-1
1,4,141,1,-1
2,11,30,5,1
2,3,21,2,-1
2,2,141,1,-1
2,12,30,2,-1
1,12,30,2,-1
1,18,30,1,-1
1,5,149,3,1
1,6,11,4,1
2,15,11,4,-1
1,9,21,2,1
1,15,45,5,1
1,1,141,3,1
1,14,168,2,-1
1,12,11,1,-1
2,12,30,3,-1
2,3,158,0,-1
2,3,21,3,-1
1,3,149,4,1
2,13,38,0,-1
1,4,30,1,-1
2,18,11,0,-1
2,18,30,2,1
2,5,149,2,1
1,16,141,1,-1
2,17,38,3,-1
1,17,38,3,-1
1,16,11,2,-1
1,0,135,3,1
2,15,135,3,1
1,1,30,2,-1
2,18,45,7,-1
2,18,38,2,-1
2,8,11,3,1
2,15,38,2,-1
2,14,168,4,-1
2,3,21,4,-1
1,9,158,1,-1
2,11,141,0,1
1,8,30,3,-1
1,0,30,0,-1
2,17,168,3,-1
2,18,11,1,-1
1,7,141,1,1
1,13,141,1,1
2,16,45,4,-1
1,5,38,1,-1
2,12,38,2,-1
2,14,168,5,1
1,12,11,2,-1
2,4,21,1,-1
1,8,30,4,-1
1,0,30,1,-1
1,1,21,5,1
2,14,141,0,-1
2,18,38,3,1
1,16,30,2,1
1,6,38,1,-1
2,17,30,3,1
1,1,149,4,-1
1,17,168,3,-1
2,9,141,0,1
2,7,158,3,-1
2,18,168,1,-1
1,11,11,4,-1
1,3,141,2,-1
1,18,149,1,1
1,9,158,2,-1
2,3,45,3,-1
2,14,158,1,-1
1,2,11,2,1
2,7,141,1,-1
1,7,38,2,-1
1,8,38,3,-1
1,7,38,3,-1
1,4,38,1,-1
1,11,38,2,-1
1,6,38,2,-1
1,0,38,2,-1
1,7,158,1,-1
2,2,141,2,-1
2,13,21,0,-1
2,2,21,1,-1
2,4,141,1,1
1,11,158,0,-1
2,13,11,1,-1
1,14,38,2,-1
2,6,21,1,-1
2,4,141,1,-1
1,17,141,1,-1
2,17,38,4,1
1,3,21,2,-1
2,4,158,2,-1
2,9,30,6,1
1,1,38,2,-1
1,13,38,1,-1
1,0,30,2,-1
2,17,11,4,-1
1,14,11,4,-1
2,5,38,2,-1
1,9,141,0,1
2,16,45,5,1
2,4,45,3,-1
2,19,135,1,-1
2,19,135,2,-1
1,19,135,0,-1
2,19,135,3,-1
1,19,135,1,-1
2,19,135,4,-1
2,19,135,5,-1
2,19,135,6,-1
1,19,135,2,-1
2,19,135,7,1
1,2,30,3,-1
1,9,11,2,-1
1,12,45,7,1
1,8,38,4,-1
2,10,11,1,-1
1,13,168,0,-1
1,6,135,4,-1
1,10,149,1,1
1,4,141,2,1
2,7,168,1,-1
1,2,149,3,-1
1,11,30,3,-1
2,15,149,1,1
1,7,149,1,-1
2,0,149,0,-1
2,7,168,2,1
2,2,149,3,-1
2,16,30,1,-1
1,3,141,3,1
1,17,141,2,1
1,14,38,3,-1
1,5,21,1,-1
2,2,11,1,1
2,11,158,1,-1
2,8,168,0,-1
2,9,168,2,-1
2,16,158,1,1
2,8,168,1,-1
2,2,21,2,-1
2,8,158,3,-1
1,3,30,1,-1
1,0,38,3,-1
1,15,168,2,-1
2,5,11,1,-1
2,4,158,3,-1
1,16,135,3,1
2,1,38,2,-1
2,18,141,2,-1
1,10,30,2,-1
1,12,30,3,-1
2,15,45,5,-1
1,13,168,1,-1
1,13,158,3,1
1,7,30,5,-1
2,8,168,2,-1
2,6,158,3,-1
1,16,141,2,1
2,13,38,1,-1
2,11,21,2,-1
1,14,11,5,-1
1,4,158,1,-1
2,10,158,1,-1
2,8,38,4,-1
2,3,38,1,-1
2,11,158,2,-1
1,10,21,2,1
2,13,158,1,-1
2,18,168,2,-1
2,1,30,2,-1
1,15,149,0,1
2,3,21,5,-1
1,10,158,1,-1
2,16,149,0,-1
1,13,168,2,-1
1,13,168,3,1
2,1,30,3,-1
1,13,38,2,-1
2,11,168,1,-1
1,17,38,4,1
1,2,30,4,-1
2,7,30,0,-1
2,13,168,0,-1
2,3,168,0,-1
1,18,141,0,-1
1,1,149,5,1
1,3,30,2,-1
1,8,30,5,1
1,13,30,3,-1
1,6,135,5,-1
1,15,30,2,-1
1,16,168,3,-1
2,3,45,4,1
1,18,141,1,-1
1,13,38,3,-1
1,8,38,5,-1
2,4,38,4,-1
1,9,38,4,-1
2,7,38,1,-1
2,11,158,3,1
1,18,168,2,-1
1,2,149,4,1
2,3,30,2,-1
1,7,30,6,1
2,13,30,0,-1
1,8,11,2,-1
2,8,158,4,1
1,4,45,5,1
1,8,158,1,-1
1,15,11,1,-1
2,9,45,4,-1
2,12,158,2,1
1,9,38,5,-1
2,18,168,3,-1
2,5,21,3,-1
1,7,149,2,1
2,11,11,1,-1
1,11,158,1,-1
2,6,30,0,-1
1,3,38,2,-1
1,18,30,2,1
1,4,158,2,-1
1,2,149,4,-1
2,12,30,4,-1
2,9,38,2,-1
2,4,30,4,-1
2,10,30,4,-1
1,10,158,2,-1
1,4,21,2,-1
1,7,158,2,-1
2,10,11,2,-1
1,3,38,3,-1
1,2,168,1,1
1,14,141,1,1
1,15,11,2,-1
2,0,21,4,-1
2,9,158,1,-1
2,5,11,2,1
1,13,38,4,-1
1,3,30,3,-1
1,3,21,3,-1
2,2,141,3,1
2,17,135,4,1
1,17,135,2,-1
1,0,38,4,1
1,6,149,2,-1
1,12,11,3,-1
1,0,30,3,-1
1,12,30,4,1
2,14,38,1,-1
1,7,11,3,-1
2,8,168,3,1
2,17,11,5,-1
1,11,21,1,1
2,2,149,4,1
1,10,30,3,-1
1,16,30,2,-1
1,19,135,3,-1
1,11,45,7,1
1,1,135,2,-1
2,1,38,3,-1
2,13,168,1,-1
1,15,168,3,-1
1,5,11,2,-1
1,4,149,2,-1
1,0,30,4,-1
2,6,158,4,-1
1,1,38,3,-1
2,16,30,2,-1
1,2,30,5,-1
2,10,30,5,-1
2,1,38,4,1
1,6,135,6,-1
2,14,38,2,-1
2,7,30,1,-1
1,4,30,2,-1
1,13,38,5,1
1,7,38,4,-1
2,3,38,2,-1
2,15,141,2,1
2,12,11,4,1
1,17,168,4,1
2,18,11,2,-1
2,10,149,1,1
1,11,168,2,1
1,4,149,3,-1
2,17,141,3,1
1,5,11,3,-1
1,16,168,4,1
1,7,11,4,-1
1,7,45,3,-1
1,7,45,4,-1
1,1,158,2,-1
2,18,38,3,-1
2,1,30,4,-1
2,10,30,6,1
2,10,158,2,-1
1,7,21,1,-1
1,3,158,1,-1
1,10,38,0,-1
2,11,38,3,-1
2,2,30,0,-1
1,18,11,2,-1
1,1,158,3,-1
2,0,135,2,-1
1,6,135,7,-1
1,7,158,3,-1
2,13,141,1,1
2,13,45,6,1
2,18,168,4,-1
2,7,45,4,-1
2,0,149,1,-1
1,3,30,4,-1
1,6,135,0,1
2,6,158,5,1
2,4,21,2,-1
2,14,30,3,-1
1,10,38,1,-1
2,6,38,1,-1
1,0,141,6,-1
1,15,141,2,1
2,2,21,3,-1
1,9,149,2,1
2,18,141,3,1
2,13,38,2,-1
2,8,38,5,-1
1,1,38,4,-1
2,7,149,1,-1
1,17,45,4,-1
2,17,168,4,-1
1,6,21,0,-1
2,10,38,1,-1
1,10,38,2,-1
1,13,11,2,-1
2,10,21,1,-1
1,18,158,1,1
2,14,11,3,-1
1,3,21,4,-1
1,7,158,4,-1
1,1,135,3,1
2,15,38,3,-1
1,0,141,7,-1
2,14,30,4,1
2,10,38,2,-1
1,6,38,3,-1
2,6,38,2,-1
1,14,11,6,-1
1,3,11,2,-1
2,16,38,2,-1
1,9,38,6,-1
1,4,38,2,-1
2,1,149,1,-1
2,3,30,3,-1
2,13,30,1,-1
1,9,38,7,1
2,0,158,2,-1
2,7,158,4,1
1,0,21,0,-1
1,4,11,2,-1
1,15,168,4,1
1,2,149,5,1
1,10,30,4,-1
1,2,158,2,-1
1,7,158,5,1
2,14,11,4,-1
1,17,11,1,-1
1,0,30,5,-1
2,8,30,5,-1
2,13,30,2,-1
1,0,158,1,-1
1,6,158,2,-1
2,3,21,6,1
1,11,158,2,-1
1,5,21,2,-1
2,3,158,1,-1
2,7,11,3,1
2,9,45,5,-1
2,10,38,3,-1
2,12,21,0,-1
2,13,158,2,1
2,13,21,1,-1
2,14,158,2,1
2,10,158,3,1
2,11,21,3,1
1,9,158,3,-1
2,6,21,2,-1
1,12,38,2,-1
1,13,11,3,-1
1,13,11,4,-1
1,13,11,5,-1
2,10,21,2,-1
1,8,21,1,-1
2,13,168,2,-1
1,13,30,4,1
1,10,38,3,-1
2,15,168,1,-1
1,0,168,0,-1
2,7,141,2,-1
2,17,158,0,1
2,4,30,5,-1
1,5,30,5,-1
1,11,30,4,-1
1,7,11,5,1
1,8,158,2,-1
2,12,11,4,-1
2,4,141,2,1
2,13,38,3,-1
2,16,11,1,-1
2,17,168,5,-1
2,7,149,2,1
2,15,158,1,1
1,2,30,6,1
1,7,21,2,-1
2,13,30,3,-1
2,17,11,6,-1
2,13,45,6,-1
1,4,21,3,-1
2,9,168,3,1
2,10,11,3,-1
2,2,30,1,-1
2,17,11,7,1
2,1,30,5,1
2,6,30,1,-1
1,14,30,1,-1
2,16,149,1,1
2,18,168,5,-1
1,5,141,2,1
2,18,38,4,1
1,11,38,3,-1
1,6,38,4,-1
2,9,53,3,-1
1,11,161,1,-1
2,7,53,1,-1
1,18,126,0,-1
2,6,33,2,-1
1,5,33,1,-1
1,6,33,2,-1
2,8,33,2,-1
1,8,33,3,-1
1,9,33,1,-1
2,8,59,0,-1
1,17,59,1,-1
1,11,33,0,-1
2,3,146,1,-1
1,8,120,1,1
2,1,120,1,1
2,9,59,2,-1
1,14,53,2,-1
1,8,53,2,-1
2,16,33,2,-1
1,16,33,2,-1
1,17,33,1,-1
2,17,146,2,1
1,18,146,0,-1
1,17,146,0,-1
1,16,146,0,-1
2,14,146,0,-1
1,13,146,0,1
1,10,146,0,1
1,10,146,0,-1
1,9,146,1,1
2,8,146,1,1
2,7,146,1,1
1,8,146,0,-1
1,8,146,1,-1
1,7,146,1,-1
1,6,146,0,-1
1,5,146,2,-1
2,2,146,3,1
1,4,146,2,-1
2,1,146,0,-1
2,0,146,1,-1
1,1,146,0,-1
1,0,146,0,-1
1,7,33,1,-1
2,14,33,3,-1
1,18,146,1,-1
1,14,33,2,-1
2,16,33,3,-1
1,3,161,0,-1
1,10,161,1,-1
2,5,161,0,-1
2,4,161,5,-1
1,5,161,0,-1
1,3,161,1,-1
2,1,18,0,-1
2,3,18,1,-1
1,1,18,1,-1
1,5,53,0,-1
1,13,126,0,-1
2,5,53,1,-1
1,0,120,2,1
1,12,33,2,-1
1,15,18,0,-1
1,11,53,1,-1
2,14,53,3,-1
2,7,59,4,1
1,16,120,0,-1
2,3,146,2,-1
2,8,161,0,-1
2,0,161,1,-1
2,14,126,1,-1
2,7,18,2,1
2,6,59,1,-1
2,16,120,0,-1
2,6,59,2,-1
2,15,120,2,-1
2,7,45,5,-1
2,11,120,0,-1
1,3,59,1,-1
1,18,59,1,-1
1,3,146,0,-1
1,18,18,1,-1
1,10,18,0,1
2,14,18,0,1
1,11,18,0,1
2,15,18,0,1
1,13,18,0,1
2,17,18,0,1
1,14,18,0,-1
1,16,18,0,-1
2,5,18,0,-1
1,8,33,4,-1
2,0,126,1,-1
1,16,18,1,1
2,16,53,0,-1
2,17,161,0,-1
2,8,161,1,-1
2,10,120,1,-1
2,5,59,1,-1
2,5,18,1,-1
1,4,18,1,-1
1,6,18,2,1
2,9,18,1,-1
2,11,18,0,-1
2,4,161,6,-1
1,18,18,2,1
1,3,161,2,-1
1,15,126,1,-1
2,3,59,1,-1
1,19,120,0,-1
1,8,59,2,-1
1,13,120,0,-1
1,1,59,0,-1
2,18,59,1,-1
1,13,161,0,-1
2,8,161,2,-1
2,7,161,1,-1
2,5,161,1,-1
2,3,161,1,-1
1,4,161,1,-1
2,0,18,1,-1
1,1,161,0,-1
1,0,18,0,-1
1,2,18,0,-1
2,9,59,3,-1
2,18,120,2,-1
2,1,161,1,-1
1,12,126,0,-1
1,1,120,1,1
1,0,53,0,-1
2,3,120,0,1
1,5,120,0,1
2,5,33,2,-1
1,4,33,3,-1
1,5,33,2,-1
1,6,33,3,-1
2,9,33,2,-1
1,9,33,2,-1
1,3,18,1,-1
1,17,161,1,-1
1,5,18,0,-1
1,7,18,1,1
2,11,18,1,1
1,8,18,0,-1
1,14,18,1,1
1,15,18,1,1
2,18,18,0,-1
2,17,161,1,-1
2,16,161,1,-1
2,14,161,0,-1
1,12,59,1,-1
1,1,161,1,-1
2,10,161,2,-1
2,1,18,1,-1
2,14,146,1,1
2,9,45,6,1
2,16,33,4,1
1,15,33,3,1
2,17,33,0,-1
2,18,33,1,-1
1,17,33,2,-1
2,10,53,1,-1
1,10,53,2,-1
1,11,53,2,-1
2,12,53,1,-1
2,13,53,1,-1
1,13,53,1,-1
1,14,53,3,-1
2,3,126,1,1
2,15,53,1,-1
1,3,126,0,-1
1,16,53,1,-1
1,9,18,0,-1
2,17,18,0,-1
2,18,161,0,-1
2,16,161,2,1
1,18,161,1,-1
2,14,161,1,-1
2,12,161,0,-1
2,6,18,0,-1
1,18,161,2,-1
1,9,53,0,-1
2,18,53,4,-1
1,6,45,4,-1
2,9,53,4,-1
1,12,161,2,-1
2,1,18,2,-1
1,17,126,0,-1
2,5,18,2,-1
1,17,146,1,1
2,0,18,2,-1
1,11,161,2,-1
1,9,161,0,-1
2,4,161,7,1
2,3,161,2,-1
1,5,161,1,-1
2,0,161,2,-1
2,1,18,3,-1
1,0,18,1,-1
1,2,18,1,-1
2,9,53,5,-1
2,9,126,0,-1
1,9,53,1,-1
1,8,126,1,1
1,10,53,3,-1
2,11,53,2,-1
1,11,53,3,-1
1,12,53,4,-1
2,14,53,4,-1
1,14,53,4,-1
2,15,53,2,-1
1,3,126,1,1
2,16,53,1,-1
1,16,53,2,-1
2,17,53,2,-1
2,7,45,6,1
2,0,18,3,-1
2,14,120,1,-1
2,7,33,3,-1
2,13,33,1,-1
1,0,146,1,-1
1,9,59,0,-1
1,15,161,1,-1
2,6,18,1,-1
1,15,59,0,-1
1,17,18,0,-1
1,14,161,0,-1
1,1,59,1,-1
2,9,120,0,-1
1,4,161,2,-1
2,10,120,2,1
2,4,59,0,-1
1,18,120,1,-1
1,7,59,0,-1
1,14,120,2,-1
2,1,59,0,-1
2,6,146,1,1
1,7,146,2,1
2,15,146,0,-1
1,16,146,1,1
1,15,146,1,1
2,13,146,0,1
1,-1,33,0,1
2,4,45,4,1
2,14,11,5,1
2,16,141,1,-1
1,16,158,0,-1
1,11,38,4,-1
1,18,141,2,1
2,4,38,5,1
2,12,11,5,1
2,0,135,3,1
1,15,11,3,-1
1,15,11,4,-1
2,14,38,3,-1
1,6,149,3,1
1,4,158,3,-1
2,10,11,4,1
1,14,168,3,1
2,3,149,1,-1
2,13,168,3,-1
2,11,11,2,-1
2,18,11,3,-1
1,12,158,0,-1
1,5,30,6,-1
1,3,30,5,-1
2,16,38,3,-1
2,3,30,4,-1
1,2,158,3,-1
2,0,158,3,-1
2,2,21,4,-1
1,3,38,4,-1
2,12,21,1,-1
2,5,38,3,-1
1,11,158,3,-1
1,2,38,1,-1
2,2,158,1,-1
2,0,149,2,-1
2,15,21,1,1
2,16,11,2,-1
2,17,168,6,1
1,1,38,5,1
1,15,38,3,-1
1,8,45,7,1
2,16,30,3,1
1,4,149,4,1
2,18,168,6,-1
1,12,11,4,-1
1,6,38,5,-1
2,9,38,3,-1
2,15,11,5,-1
1,10,30,5,1
2,19,168,0,-1
1,3,21,5,1
1,8,158,3,-1
2,5,21,4,-1
1,7,149,2,-1
2,10,38,4,-1
1,18,135,4,1
1,0,30,6,1
1,4,30,3,-1
1,14,30,2,-1
1,18,11,3,-1
1,4,38,3,-1
1,8,21,2,-1
2,3,158,2,-1
1,2,141,2,-1
2,0,158,4,-1
2,10,38,5,-1
1,17,45,5,1
1,2,11,2,-1
1,18,21,0,-1
2,10,38,6,-1
1,2,141,3,1
1,7,45,5,-1
2,2,158,2,-1
2,0,149,3,-1
1,14,38,4,-1
2,12,21,2,1
1,3,38,5,1
2,15,168,2,-1
1,3,30,6,-1
1,0,149,1,-1
2,6,30,2,-1
2,3,149,2,-1
2,6,30,3,-1
1,14,30,3,1
2,7,141,3,-1
2,19,135,7,-1
1,6,45,5,1
1,18,11,4,-1
1,5,38,2,-1
1,2,158,4,-1
2,18,168,7,1
1,19,168,0,-1
1,2,11,3,1
2,3,141,1,-1
1,0,168,1,1
2,5,30,2,-1
1,8,158,4,-1
2,16,168,0,-1
1,9,11,3,-1
1,16,11,3,-1
1,3,30,7,1
2,15,11,6,1
2,11,168,2,-1
1,5,11,4,1
2,7,141,4,-1
2,13,45,7,1
1,18,168,3,-1
2,8,30,6,1
2,2,38,4,1
2,6,21,3,-1
2,0,21,5,-1
1,8,11,3,-1
2,5,149,2,-1
1,14,45,5,1
2,3,168,1,1
1,0,149,2,-1
2,9,38,4,-1
1,2,45,4,1
2,15,168,3,-1
1,8,38,6,-1
2,14,38,4,-1
2,9,38,5,-1
2,15,45,6,1
1,14,45,5,-1
2,6,45,5,1
1,6,45,5,-1
1,17,135,3,1
1,11,38,5,-1
2,3,141,2,1
1,18,141,2,-1
1,5,158,1,-1
2,12,38,3,-1
2,4,158,4,-1
2,13,11,2,-1
1,2,158,5,-1
1,18,21,1,1
2,11,11,3,-1
2,7,141,5,-1
2,7,38,2,-1
2,10,38,7,1
1,7,45,6,1
1,11,11,5,-1
1,6,38,6,-1
1,11,38,6,1
2,4,30,6,1
2,13,30,4,1
1,16,11,4,-1
2,1,21,2,-1
1,0,11,2,1
1,19,141,1,-1
2,15,38,4,-1
1,5,21,3,-1
1,5,158,2,-1
1,10,158,3,-1
1,7,38,5,-1
2,9,38,6,-1
2,12,30,5,1
2,4,21,3,-1
1,8,158,5,1
1,4,21,4,1
2,8,21,1,-1
2,11,11,4,1
2,15,38,5,1
2,14,141,1,1
2,7,141,6,-1
1,16,38,0,-1
2,12,38,4,-1
1,8,21,3,1
1,6,30,2,-1
1,15,158,2,1
1,15,11,5,-1
1,18,11,5,1
1,6,30,3,-1
2,8,38,6,-1
2,14,38,5,1
2,16,11,3,-1
2,1,149,2,-1
1,11,30,5,1
1,12,11,5,-1
2,7,38,3,-1
2,2,141,3,-1
2,1,158,1,-1
1,2,158,6,-1
2,13,11,3,-1
1,7,38,6,-1
1,4,158,4,-1
1,5,30,7,1
1,12,158,1,-1
1,8,11,4,-1
2,9,45,6,-1
1,17,11,2,-1
2,13,168,4,-1
2,4,158,5,1
1,4,30,4,-1
1,9,11,4,-1
2,8,21,2,-1
2,2,158,3,-1
1,6,158,3,-1
2,6,135,0,-1
1,3,45,5,-1
2,17,149,1,1
2,7,141,7,-1
1,12,158,2,-1
1,18,168,4,-1
1,4,168,0,1
2,-1,11,0,1
2,14,141,1,-1
1,11,158,4,1
2,2,30,2,-1
1,10,158,4,1
2,10,21,3,1
2,2,158,4,-1
2,13,11,4,-1
1,3,11,3,1
1,6,21,1,-1
1,14,11,7,1
2,3,30,5,-1
2,4,21,4,-1
1,15,38,4,1
1,4,38,4,-1
2,3,158,3,-1
2,3,38,3,-1
2,15,168,4,-1
2,16,141,2,1
1,5,21,4,1
1,12,45,7,-1
2,11,168,3,-1
1,9,26,3,-1
1,13,165,1,-1
2,16,26,0,-1
1,8,14,1,-1
1,1,165,1,-1
2,5,153,3,1
1,7,36,1,-1
1,7,36,2,-1
2,6,51,4,-1
2,0,165,3,1
2,0,36,3,-1
2,12,36,3,-1
1,8,36,6,-1
1,4,36,1,-1
1,1,36,0,-1
1,1,143,4,1
2,11,36,3,-1
2,11,14,1,1
1,1,36,1,-1
2,12,165,5,-1
2,6,30,4,-1
2,7,21,1,-1
1,3,45,6,-1
1,12,158,3,1
1,5,38,3,-1
2,13,38,4,-1
1,6,30,4,-1
2,2,21,5,-1
1,7,38,7,1
1,12,38,3,-1
1,3,45,7,-1
1,1,30,3,-1
2,16,168,1,-1
2,9,158,2,-1
1,4,30,5,-1
1,16,38,1,-1
2,6,38,3,-1
1,5,158,3,-1
2,9,45,7,1
1,16,158,1,-1
2,5,38,4,-1
2,6,38,4,-1
2,2,141,4,-1
1,18,141,3,1
1,0,141,0,1
2,16,168,2,-1
2,14,141,2,1
2,1,21,3,-1
1,16,30,3,1
2,3,38,4,-1
1,12,38,4,-1
2,0,149,4,1
2,3,30,6,1
1,6,30,5,-1
1,10,38,4,-1
1,4,38,5,-1
2,8,21,3,-1
1,7,21,3,1
1,5,158,4,-1
1,14,45,6,1
1,5,38,4,-1
1,6,158,4,-1
2,1,149,3,-1
2,7,51,4,-1
1,12,143,0,1
2,11,165,6,-1
2,8,26,5,1
1,9,26,4,1
1,4,26,1,-1
2,1,143,1,-1
1,1,36,2,-1
1,14,26,2,1
1,1,26,0,-1
2,17,26,1,-1
2,6,153,1,-1
2,9,26,2,-1
1,10,36,2,-1
1,11,165,2,-1
2,12,128,2,1
1,1,36,3,-1
1,15,165,1,-1
1,5,153,3,-1
1,15,14,0,-1
1,5,143,1,-1
2,8,165,1,-1
2,18,165,2,-1
2,15,128,1,-1
2,5,51,4,1
1,15,143,0,-1
1,8,51,6,1
2,14,165,3,-1
1,13,165,2,-1
1,10,153,0,-1
1,7,36,3,-1
2,18,128,0,-1
2,5,165,2,-1
1,16,165,0,-1
1,12,36,3,-1
1,2,51,1,-1
1,4,153,0,-1
2,4,36,1,-1
2,12,165,6,-1
1,17,143,2,1
2,14,128,3,1
1,4,51,4,1
1,15,143,1,1
1,18,36,1,-1
2,0,153,1,-1
1,13,153,1,1
2,8,165,2,-1
1,14,14,4,1
1,14,128,1,-1
2,6,153,2,-1
1,15,14,1,-1
1,16,128,0,-1
2,15,14,2,-1
2,17,165,2,-1
2,6,165,5,1
1,10,36,3,-1
2,2,153,1,-1
2,6,51,5,1
2,12,143,0,1
2,18,14,0,-1
1,9,14,1,-1
1,8,26,1,-1
2,1,153,3,-1
1,7,36,4,-1
2,1,51,2,-1
1,0,14,1,1
1,-1,135,4,-1
1,-1,135,5,-1
2,-1,135,0,1
2,17,165,3,-1
2,11,165,7,1
1,16,26,0,-1
2,2,14,1,-1
1,0,128,2,1
1,12,51,1,-1
1,11,51,3,-1
2,15,51,4,-1
2,18,51,3,-1
2,7,51,5,1
1,11,128,2,-1
2,18,51,4,-1
1,7,36,5,-1
2,0,153,2,-1
1,7,51,1,-1
2,16,128,2,-1
1,12,36,4,-1
1,1,36,4,-1
1,10,153,1,-1
2,16,128,3,-1
1,3,51,3,-1
2,15,14,3,1
2,9,26,3,-1
2,8,128,1,1
1,10,51,2,-1
2,14,51,4,-1
2,17,51,4,-1
1,6,36,1,-1
1,8,14,2,1
2,0,153,3,-1
2,0,143,3,-1
2,8,36,1,-1
2,17,128,4,1
2,6,26,3,-1
1,13,14,1,-1
2,2,165,3,-1
1,18,165,1,-1
1,17,128,2,-1
2,10,14,1,1
1,12,51,2,-1
2,1,128,2,1
1,5,51,4,-1
2,15,51,5,-1
2,18,51,5,1
1,9,36,5,-1
1,5,36,5,-1
1,1,51,2,-1
1,16,26,1,1
1,8,153,3,1
2,15,36,1,-1
1,17,128,3,-1
1,13,14,2,-1
1,3,26,1,-1
1,17,26,0,-1
2,0,26,1,-1
2,13,26,3,1
2,0,153,4,-1
2,18,14,1,-1
2,2,51,2,-1
1,12,128,1,-1
2,8,51,1,-1
1,9,128,0,-1
2,18,153,1,1
2,18,128,1,-1
1,11,14,3,1
1,17,128,4,1
1,3,51,4,1
2,13,128,3,1
1,13,51,6,-1
1,17,165,5,-1
2,4,51,1,-1
2,18,128,2,-1
1,13,14,3,-1
1,12,51,3,-1
2,17,165,4,-1
1,7,26,1,-1
2,8,36,2,-1
1,8,26,2,-1
1,2,26,5,-1
2,13,51,3,-1
1,7,51,2,-1
1,14,143,1,1
2,6,135,1,-1
1,1,51,3,1
1,16,128,1,-1
1,0,26,0,-1
2,6,143,1,1
1,18,165,2,-1
2,11,36,4,-1
2,4,26,0,-1
2,15,128,2,-1
1,12,128,2,1
1,8,36,7,1
1,4,36,2,-1
2,11,51,6,-1
2,12,36,4,-1
1,4,36,3,-1
1,7,153,3,-1
1,16,165,1,-1
1,13,26,2,-1
2,18,165,3,-1
2,9,153,0,-1
2,19,45,1,-1
2,19,45,2,-1
2,19,45,3,-1
2,19,45,4,-1
2,19,45,5,-1
1,13,51,7,1
2,14,36,3,-1
2,18,14,2,-1
2,7,153,3,1
2,15,165,1,-1
1,14,165,2,-1
2,8,36,3,-1
2,8,36,4,-1
2,15,51,6,1
2,1,128,2,-1
2,18,165,4,1
2,18,143,1,-1
1,14,36,2,-1
2,16,143,2,1
1,18,51,0,-1
2,11,36,5,-1
2,15,128,3,1
1,7,51,3,-1
2,10,51,5,-1
2,3,153,1,-1
2,9,36,1,-1
1,4,36,4,-1
2,2,36,5,1
2,16,51,6,1
1,7,51,4,-1
1,9,128,1,1
2,11,51,7,1
1,10,36,4,-1
2,5,21,5,1
2,13,45,7,-1
2,15,168,5,-1
2,6,21,4,-1
1,19,135,6,-1
1,8,30,5,-1
2,2,30,3,-1
1,12,11,6,-1
2,18,11,4,-1
2,13,11,5,1
2,12,168,0,-1
2,2,21,6,1
1,5,158,5,-1
1,5,158,6,1
1,0,21,1,-1
2,16,38,4,1
1,9,11,5,1
2,7,38,4,-1
2,5,149,3,1
2,8,38,7,1
2,15,168,6,1
1,1,30,4,-1
2,7,38,5,-1
2,2,158,5,-1
2,7,30,2,-1
2,12,38,5,-1
1,8,11,5,1
2,4,21,5,1
2,2,30,4,-1
1,6,30,6,-1
2,16,168,3,-1
2,2,158,6,1
1,5,38,5,-1
1,6,21,2,-1
2,1,158,2,-1
1,16,11,5,-1
1,1,158,4,-1
2,9,158,3,1
1,6,45,6,1
2,1,149,4,1
1,17,11,3,-1
2,1,158,3,-1
1,14,158,2,-1
1,16,158,2,1
2,0,158,5,-1
2,11,38,4,-1
1,7,149,3,1
1,12,11,7,1
2,11,168,4,1
2,3,149,3,1
1,15,30,3,1
1,0,21,2,-1
1,4,11,3,1
1,14,38,5,1
1,6,30,7,1
2,6,135,2,-1
2,7,30,3,-1
1,18,168,5,1
2,16,168,4,-1
2,12,168,1,-1
2,19,141,0,-1
2,6,38,5,-1
1,9,158,4,1
2,6,38,6,1
2,13,38,5,-1
2,7,38,6,1
2,6,135,3,-1
1,3,158,2,-1
1,5,38,6,1
2,13,38,6,1
2,2,141,5,-1
1,2,158,7,1
1,1,158,5,-1
1,8,38,7,1
2,7,21,2,-1
2,3,158,4,-1
2,19,158,0,1
2,4,158,5,-1
2,1,158,4,-1
1,0,149,3,-1
2,6,30,5,-1
1,19,168,1,-1
2,19,168,1,-1
2,19,168,2,-1
2,19,168,3,-1
2,19,168,4,-1
1,19,168,2,-1
2,19,168,5,-1
1,19,168,3,-1
2,19,168,6,-1
1,19,168,4,-1
2,19,168,7,1
2,7,30,4,-1
2,3,38,5,1
2,7,21,3,-1
2,5,38,5,-1
1,0,149,4,-1
1,4,38,6,1
2,11,38,5,-1
2,1,158,5,-1
1,3,45,4,1
2,18,11,5,-1
2,0,158,6,-1
2,12,38,6,1
1,2,38,2,-1
1,6,38,7,1
1,13,11,6,-1
1,12,38,5,-1
2,11,38,6,1
2,16,168,5,-1
2,5,30,3,-1
2,16,38,4,-1
2,10,168,3,1
1,3,158,3,-1
1,19,168,5,-1
2,5,30,4,-1
1,11,11,6,1
1,6,21,3,1
2,6,21,5,1
1,3,158,4,-1
2,16,168,6,1
1,19,135,7,1
1,0,21,3,-1
2,3,158,5,-1
2,16,11,4,-1
1,-1,45,0,1
2,13,21,2,1
2,10,168,3,-1
1,0,21,4,-1
1,17,11,4,-1
2,9,158,3,-1
1,19,168,6,-1
2,5,30,5,-1
1,2,38,3,-1
2,6,135,4,-1
2,9,38,7,1
2,6,135,5,-1
2,1,158,6,-1
1,0,149,5,1
1,0,21,5,-1
2,6,30,6,-1
1,11,21,1,-1
1,3,158,5,-1
1,16,11,6,1
1,17,45,5,-1
2,13,168,5,1
2,1,158,7,1
1,19,158,0,-1
2,19,149,0,-1
1,12,38,6,1
2,2,30,5,-1
1,2,38,4,-1
1,9,158,4,-1
1,17,11,5,1
1,0,21,6,1
2,4,45,4,-1
1,4,30,6,-1
1,4,30,7,1
1,2,21,1,-1
2,5,38,6,1
2,8,21,4,1
2,2,30,6,1
2,7,30,5,-1
2,6,135,6,-1
2,7,21,4,1
2,6,135,7,-1
2,6,30,7,1
2,0,21,6,-1
1,1,158,6,-1
2,0,149,4,-1
1,4,158,5,-1
1,1,30,5,-1
2,5,30,6,-1
2,18,11,6,-1
2,2,141,6,-1
2,5,30,7,1
1,19,168,7,1
1,19,135,7,-1
2,4,30,6,-1
1,1,30,6,1
2,7,30,6,1
2,12,45,7,-1
1,2,149,5,-1
1,1,158,7,1
1,19,158,1,1
1,0,158,2,-1
1,19,141,2,-1
1,13,11,7,1
1,10,38,5,-1
2,16,11,5,-1
1,15,11,6,1
2,1,21,4,-1
1,2,21,2,-1
2,18,11,7,1
1,1,21,5,-1
1,19,141,3,1
1,10,38,6,1
2,0,158,7,1
2,16,141,2,-1
2,7,30,6,-1
2,9,45,7,-1
2,11,45,7,-1
1,7,149,3,-1
2,7,135,0,-1
2,0,21,7,1
2,9,158,4,1
1,6,158,5,1
2,12,168,2,-1
2,2,141,7,-1
1,1,21,6,1
1,16,38,2,-1
1,17,45,6,-1
1,2,149,6,-1
1,17,45,7,-1
2,7,30,7,1
2,4,158,6,1
1,6,21,3,-1
1,8,30,6,1
1,19,135,4,-1
1,19,135,5,-1
1,0,158,3,-1
2,12,168,3,-1
2,4,30,7,1
2,4,45,5,1
1,16,38,3,-1
2,7,135,1,-1
2,7,135,2,-1
2,7,135,3,-1
2,7,135,4,-1
2,16,141,3,-1
1,9,158,5,1
1,3,158,6,-1
1,14,158,3,1
1,16,38,4,1
2,7,135,5,-1
1,19,168,7,-1
1,0,158,4,-1
1,2,21,3,-1
1,17,11,5,-1
2,0,149,5,1
2,16,11,6,1
2,7,135,6,-1
2,-1,51,6,-1
2,-1,51,7,-1
1,12,36,5,1
2,16,128,4,1
1,14,128,2,-1
2,0,135,3,-1
2,9,36,2,-1
2,17,51,5,1
2,5,26,0,-1
2,8,165,3,-1
1,13,14,4,1
2,9,153,1,-1
1,17,14,1,-1
2,16,14,0,-1
1,15,14,2,-1
1,6,36,2,-1
1,17,165,6,1
2,16,165,3,-1
1,5,26,2,-1
1,3,26,2,-1
1,7,153,4,1
2,17,165,5,1
1,8,165,3,-1
2,12,165,7,1
2,15,26,3,1
2,4,153,4,1
2,8,51,2,-1
2,13,51,4,-1
2,7,36,4,-1
1,3,26,3,-1
2,1,26,2,-1
2,1,51,3,1
1,9,153,1,-1
1,12,26,2,-1
1,10,36,5,-1
1,1,135,3,-1
1,0,165,1,1
2,9,26,4,-1
2,2,26,1,-1
2,16,26,1,-1
2,18,14,3,-1
1,13,26,3,1
2,16,165,4,-1
2,15,143,2,1
2,3,51,3,-1
2,19,45,6,-1
2,19,45,7,1
2,7,135,7,-1
1,2,153,0,-1
2,7,26,0,-1
1,6,36,3,-1
1,4,26,2,-1
2,9,165,0,-1
2,17,14,1,-1
1,11,128,3,-1
1,13,165,3,-1
2,17,14,2,-1
1,12,165,2,-1
1,14,165,3,-1
2,18,143,2,-1
2,18,14,4,1
2,7,36,5,-1
1,12,26,3,1
1,0,26,1,-1
2,16,26,2,1
2,-1,14,0,-1
2,9,153,2,1
2,3,26,1,-1
2,5,165,3,-1
1,16,165,2,-1
2,13,51,5,-1
1,7,51,5,1
1,18,165,3,-1
2,13,165,0,-1
2,12,143,0,-1
1,16,36,3,-1
2,14,51,5,-1
1,17,14,2,-1
1,14,36,3,-1
2,2,26,2,-1
1,2,26,6,-1
2,2,51,3,1
1,16,128,2,-1
2,5,153,3,-1
1,11,51,4,-1
1,11,128,4,-1
1,14,128,3,1
1,4,26,3,-1
2,2,165,4,1
1,5,51,5,1
2,8,165,4,-1
1,5,143,2,1
1,3,36,0,-1
1,11,51,5,-1
1,0,153,1,-1
2,10,26,2,-1
1,6,165,3,-1
2,13,51,6,-1
2,2,143,2,-1
2,1,26,3,-1
1,10,51,3,-1
2,13,51,7,-1
1,16,51,4,-1
2,10,26,3,-1
1,9,36,6,1
2,1,128,3,-1
1,11,128,5,-1
1,1,135,4,-1
2,14,36,4,-1
1,4,143,1,-1
2,17,14,3,1
2,13,165,1,-1
2,9,36,3,-1
1,5,36,6,-1
2,15,165,2,-1
2,16,36,1,-1
2,2,153,2,-1
1,8,26,3,-1
2,-1,51,0,1
1,3,143,3,1
1,9,14,2,1
1,16,36,4,1
2,3,153,2,-1
2,7,36,6,-1
1,18,26,0,-1
1,1,36,5,1
1,4,143,2,1
2,8,51,3,-1
2,6,128,0,-1
2,14,51,6,-1
2,0,26,2,-1
1,12,51,4,-1
2,5,153,4,1
1,10,36,6,1
2,7,26,1,-1
1,1,26,1,-1
1,1,26,2,-1
1,1,135,5,-1
2,8,51,4,-1
1,1,135,6,-1
1,13,36,2,-1
1,12,165,3,-1
2,16,36,2,-1
2,6,153,3,1
2,16,36,3,-1
2,10,51,6,1
2,18,36,0,-1
1,13,36,3,-1
2,9,165,1,-1
2,15,36,2,-1
2,6,26,4,-1
2,0,26,3,-1
2,6,26,5,-1
1,1,153,0,-1
2,14,51,7,-1
1,16,51,5,1
2,17,14,3,-1
2,0,135,4,-1
2,2,14,2,1
2,14,36,5,1
1,10,165,4,-1
1,16,165,3,-1
2,12,143,1,1
1,5,36,7,-1
1,11,128,6,-1
1,1,153,1,-1
2,4,51,2,-1
2,9,36,4,-1
1,14,36,4,-1
2,11,36,6,1
2,7,36,7,1
1,12,165,4,-1
2,10,165,2,-1
2,1,128,4,-1
2,9,165,2,-1
2,12,26,3,-1
1,10,51,4,-1
1,9,165,1,-1
1,12,51,5,-1
2,3,153,3,-1
1,17,14,3,-1
1,18,51,1,-1
1,13,36,4,-1
2,0,26,4,-1
2,8,153,0,-1
1,3,26,4,-1
2,1,153,4,-1
1,7,143,1,1
1,3,36,1,-1
1,0,36,1,-1
1,0,26,2,-1
1,10,165,5,1
1,3,153,1,-1
2,14,165,4,-1
2,12,26,4,1
2,2,153,3,-1
2,8,51,5,-1
1,11,51,6,-1
1,1,135,7,-1
2,8,36,5,-1
2,4,36,2,-1
2,10,26,4,1
2,12,153,1,1
1,7,26,2,-1
1,16,165,4,-1
1,17,26,1,1
1,18,14,3,-1
1,11,51,7,1
2,5,128,0,-1
2,13,165,2,-1
2,16,165,5,1
1,12,165,5,-1
2,19,165,0,-1
2,3,51,4,1
2,8,165,5,-1
2,8,51,6,1
2,16,14,1,-1
1,5,153,4,1
2,8,36,6,-1
2,17,143,2,-1
2,2,143,3,1
2,0,135,5,-1
1,0,153,2,-1
1,3,26,5,-1
2,2,153,4,1
2,1,143,2,-1
1,1,26,3,-1
1,15,26,1,-1
1,9,153,2,-1
2,13,165,3,-1
1,16,128,3,1
2,1,153,5,1
2,16,14,2,-1
1,10,51,5,-1
1,11,165,3,-1
2,1,143,3,1
1,0,36,2,-1
2,19,165,1,-1
2,18,128,3,-1
1,7,51,5,-1
2,18,36,1,-1
1,11,165,4,-1
1,15,36,2,-1
1,7,26,3,-1
2,7,26,2,-1
1,15,36,3,-1
2,0,135,6,-1
1,18,143,0,-1
2,1,26,4,-1
2,0,153,5,1
1,7,26,4,-1
1,4,153,1,-1
1,0,153,3,-1
1,18,143,1,-1
1,8,26,4,1
2,12,36,5,-1
2,14,165,5,-1
2,8,153,1,-1
1,6,36,4,-1
2,19,143,0,-1
1,4,26,4,-1
2,-1,36,0,-1
2,13,165,4,-1
1,6,36,5,-1
2,5,36,3,-1
2,3,161,3,-1
1,4,59,2,-1
2,8,161,3,-1
2,12,126,1,-1
2,5,33,3,-1
2,6,33,3,-1
2,7,33,4,-1
2,8,33,3,-1
1,7,33,2,-1
2,10,33,1,-1
2,10,33,2,-1
2,2,161,0,-1
1,18,126,1,-1
2,2,53,1,-1
2,16,126,1,-1
2,3,53,2,-1
2,14,126,2,-1
1,4,53,0,-1
2,13,126,1,-1
1,5,53,1,-1
2,12,126,2,1
2,6,53,0,-1
1,12,126,1,-1
1,7,53,2,-1
1,11,126,0,-1
1,8,53,3,-1
2,9,161,0,-1
2,7,161,2,-1
1,8,161,0,-1
1,6,161,2,-1
2,2,161,1,-1
1,3,161,3,-1
1,8,146,2,1
1,10,59,1,-1
2,14,126,3,1
2,8,18,1,-1
2,12,59,4,-1
1,10,146,1,1
2,6,146,1,-1
2,5,146,1,-1
2,13,59,2,-1
2,7,33,5,-1
2,8,33,4,-1
2,1,161,2,-1
1,10,59,2,-1
1,4,33,4,-1
2,4,18,1,-1
2,11,33,1,-1
2,2,33,2,-1
1,14,53,5,-1
2,5,53,2,-1
1,3,59,2,-1
1,9,59,1,-1
2,4,33,0,-1
2,17,126,0,-1
2,2,53,2,-1
2,14,120,2,-1
1,0,59,2,1
2,10,53,2,-1
1,13,53,2,-1
2,11,59,2,-1
1,13,120,1,-1
2,13,161,0,-1
2,14,53,5,-1
2,11,59,3,-1
2,0,135,7,-1
2,0,161,3,-1
1,10,33,0,-1
1,13,161,1,-1
2,2,120,0,1
2,9,59,4,-1
2,18,53,5,1
2,8,59,1,-1
1,18,120,2,-1
1,7,59,1,-1
1,14,120,3,1
1,9,53,2,-1
1,8,59,3,-1
2,5,161,2,-1
1,6,33,4,-1
2,18,161,1,1
2,14,161,2,-1
1,3,33,1,-1
1,4,33,5,-1
1,5,33,3,-1
1,6,33,5,-1
2,8,33,5,-1
1,8,33,5,-1
2,10,33,3,-1
2,11,33,2,-1
2,1,33,1,-1
2,2,33,3,-1
2,3,33,0,-1
2,3,33,1,-1
2,4,33,1,-1
2,5,33,4,-1
2,6,33,4,-1
1,6,33,6,-1
2,8,33,6,-1
1,7,33,3,-1
1,8,33,6,1
2,10,33,4,-1
1,9,33,3,-1
1,10,33,1,-1
2,13,33,2,-1
2,13,33,3,-1
2,15,53,3,-1
1,9,33,4,-1
1,5,33,4,-1
2,7,33,6,-1
2,8,33,7,1
1,7,33,4,-1
1,14,33,3,-1
2,3,146,3,1
1,14,33,4,1
1,2,126,1,1
2,7,53,2,-1
2,15,120,3,-1
1,6,59,0,-1
2,15,120,4,1
2,14,59,0,-1
2,15,53,4,-1
2,11,59,4,-1
1,17,53,1,-1
2,4,59,1,-1
2,6,18,2,-1
2,8,18,2,1
2,9,18,2,1
1,8,18,1,1
1,9,18,1,1
2,12,18,0,-1
2,17,18,1,1
2,18,18,1,1
2,10,168,4,1
1,6,21,4,1
2,-1,21,0,1
2,3,158,6,1
1,19,38,0,-1
1,19,38,1,-1
2,19,38,0,-1
1,19,38,2,-1
2,19,38,1,-1
1,19,38,3,-1
2,19,38,2,-1
2,19,38,3,-1
1,19,38,4,-1
2,19,38,4,-1
2,19,38,5,-1
1,19,38,5,-1
2,19,38,6,-1
2,19,38,7,1
1,2,149,7,-1
2,1,21,5,-1
2,12,168,4,1
1,2,38,5,1
1,4,158,6,1
1,11,21,2,1
2,2,141,2,1
2,19,158,0,-1
1,19,158,1,-1
1,7,149,4,-1
2,16,38,5,1
1,6,158,5,-1
2,1,21,6,-1
2,1,21,7,1
1,0,158,5,-1
2,16,141,4,-1
1,2,21,4,-1
1,3,158,7,1
1,2,21,5,1
1,7,149,5,-1
1,7,149,6,-1
1,12,149,0,-1
1,8,45,7,-1
1,17,11,6,1
2,9,59,5,1
1,15,161,2,-1
2,3,18,2,-1
1,14,126,0,-1
2,18,59,2,-1
2,0,161,4,-1
2,9,33,3,-1
2,10,33,5,-1
1,10,33,2,-1
1,11,33,1,-1
1,12,33,3,-1
2,14,33,4,1
1,13,33,0,-1
1,15,33,3,-1
1,12,59,2,-1
2,6,126,0,1
2,12,53,2,-1
1,12,53,5,-1
2,14,53,6,-1
1,14,53,6,1
2,1,146,1,-1
2,17,33,1,-1
1,16,33,3,1
2,18,33,2,-1
1,8,53,4,-1
2,18,59,3,-1
1,9,53,3,-1
2,1,59,1,-1
1,4,161,3,-1
2,12,33,1,-1
1,16,120,1,-1
2,18,126,1,-1
2,12,18,1,1
1,13,120,2,-1
2,3,53,3,1
1,15,126,2,-1
1,3,53,1,-1
2,13,126,2,-1
2,5,53,3,-1
1,13,126,1,-1
2,6,53,1,-1
1,12,126,2,1
1,6,53,0,-1
1,17,161,2,-1
1,12,33,4,1
1,0,135,3,-1
1,6,158,6,1
1,12,149,1,1
1,0,135,4,-1
1,0,135,5,-1
2,0,135,0,1
1,11,128,7,-1
2,18,36,2,-1
2,16,36,4,1
1,6,36,6,-1
2,1,128,5,-1
1,3,153,2,-1
1,18,14,4,-1
1,0,26,3,-1
1,3,36,2,-1
2,9,36,5,-1
1,4,36,5,-1
2,6,36,4,-1
2,9,26,5,1
1,0,135,6,-1
1,4,153,2,-1
1,13,36,5,1
2,1,26,5,-1
2,6,36,5,-1
1,14,36,5,1
1,10,51,6,1
1,0,135,7,-1
1,18,14,5,1
1,9,153,3,1
1,2,26,7,1
1,15,26,2,1
2,5,26,1,-1
1,1,26,4,-1
1,12,165,6,1
1,16,165,5,-1
1,8,26,4,-1
2,17,143,3,1
1,16,143,1,-1
2,2,153,4,-1
1,6,36,7,1
1,0,36,3,-1
1,10,153,2,1
2,15,36,3,-1
2,5,128,1,-1
1,18,143,2,1
1,15,36,4,1
2,6,128,1,-1
1,17,14,4,-1
1,18,165,4,-1
1,10,51,6,-1
2,5,128,2,-1
2,6,128,2,-1
1,16,149,0,-1
1,19,149,0,-1
2,16,141,5,-1
2,3,161,4,-1
1,15,53,3,-1
2,12,33,2,-1
2,13,33,4,-1
1,13,33,1,-1
1,15,33,4,1
2,17,33,2,-1
2,18,33,3,1
1,17,33,3,1
2,19,146,1,-1
2,4,146,1,-1
1,4,146,3,1
1,3,146,1,-1
2,1,146,2,-1
1,2,146,0,-1
1,1,146,1,-1
2,1,33,2,-1
2,2,33,4,-1
1,1,33,0,-1
1,2,33,1,-1
1,3,33,2,-1
2,5,33,5,-1
2,6,33,5,-1
1,6,33,7,1
2,7,33,7,1
1,7,33,5,-1
1,7,33,6,1
2,10,33,6,1
1,9,33,5,-1
2,11,33,3,-1
1,11,33,2,-1
1,12,33,4,-1
1,13,33,2,-1
2,17,33,3,1
1,18,146,2,1
2,16,146,0,-1
2,8,53,1,-1
1,17,53,2,-1
1,4,59,3,1
1,7,53,3,-1
1,17,59,2,-1
2,15,59,0,-1
1,7,120,0,-1
2,2,120,0,-1
2,13,59,3,-1
1,4,18,2,-1
1,5,18,1,-1
2,17,14,4,1
2,10,165,3,-1
1,10,51,7,1
1,0,153,4,-1
2,8,165,6,1
1,16,51,5,-1
2,18,143,3,1
2,8,36,7,1
2,9,165,3,-1
2,6,36,6,1
1,18,165,5,-1
2,18,128,4,-1
1,18,165,6,1
2,7,165,2,-1
2,7,128,0,-1
1,2,51,2,-1
1,7,26,5,1
2,12,36,6,1
1,4,36,6,1
1,0,36,4,1
1,1,165,2,1
2,7,165,3,-1
1,3,153,3,-1
1,8,165,4,1
2,4,26,1,-1
1,11,128,1,1
1,5,26,3,-1
2,0,153,5,-1
1,9,165,2,-1
2,0,143,4,1
2,6,26,6,1
2,19,153,0,-1
2,0,36,4,-1
1,0,143,2,-1
1,0,143,3,-1
1,0,143,4,-1
2,0,36,5,-1
2,0,36,6,-1
1,0,143,5,-1
2,0,36,7,-1
1,0,143,6,-1
2,0,36,0,1
1,18,36,2,-1
2,1,36,1,-1
1,9,165,3,-1
1,3,36,3,-1
2,1,36,2,-1
2,0,26,5,-1
2,9,36,6,-1
2,15,36,4,-1
1,18,14,5,-1
2,5,26,2,-1
1,4,153,3,-1
2,7,26,3,-1
2,15,165,3,-1
2,4,51,3,-1
1,12,51,6,-1
2,1,36,3,-1
2,5,128,3,-1
1,7,51,6,1
1,16,143,2,1
2,18,36,3,1
2,9,36,7,1
2,1,36,4,1
2,16,14,3,1
2,10,165,4,-1
2,13,165,5,-1
1,14,165,4,-1
1,4,26,5,-1
1,3,153,4,-1
1,12,51,7,1
2,4,36,3,-1
2,4,45,5,-1
2,2,38,4,-1
1,16,149,1,1
1,0,149,5,-1
2,0,30,5,-1
1,9,33,6,1
1,8,59,4,-1
1,18,59,2,-1
1,17,120,0,-1
1,3,161,4,-1
1,2,161,0,-1
1,14,59,3,-1
1,6,59,1,-1
2,2,161,2,-1
2,12,161,1,-1
1,16,120,2,-1
1,7,161,1,-1
1,6,161,3,-1
2,10,53,3,-1
1,17,18,1,-1
2,1,18,4,-1
2,0,33,2,-1
1,0,33,0,1
2,9,146,0,-1
1,14,161,1,-1
1,4,53,1,-1
2,18,120,3,-1
1,0,161,0,-1
1,17,120,1,-1
1,3,33,3,-1
2,5,33,6,-1
1,5,33,5,-1
1,7,33,6,-1
2,9,33,4,-1
2,11,33,4,-1
2,12,33,3,-1
2,13,33,5,1
1,11,33,3,-1
1,13,33,3,-1
2,0,161,5,-1
2,4,146,2,1
2,14,161,3,1
2,15,126,1,-1
1,4,33,6,1
2,6,33,6,-1
1,5,33,6,-1
2,9,33,5,-1
2,11,33,5,-1
1,10,33,3,-1
2,12,33,4,-1
1,12,33,5,1
1,13,33,4,1
1,6,59,2,-1
1,17,120,2,-1
2,13,59,4,-1
2,6,59,3,-1
1,14,59,4,-1
2,0,59,2,1
1,14,59,5,-1
2,8,59,2,-1
2,14,120,3,1
2,1,59,2,1
2,4,18,2,-1
1,16,161,2,-1
2,15,53,5,-1
1,0,146,2,-1
2,4,36,4,-1
2,2,153,5,1
2,5,128,4,-1
1,16,51,6,1
2,4,36,5,-1
2,13,165,6,1
1,3,36,4,-1
2,3,153,4,1
2,15,36,5,1
1,0,51,2,-1
1,7,36,6,-1
2,5,36,4,-1
2,14,165,6,1
1,2,51,3,1
1,15,128,3,1
2,4,36,6,1
2,10,153,1,-1
2,17,26,2,1
1,16,165,6,-1
1,18,26,1,1
1,6,26,2,-1
2,7,128,1,-1
1,18,36,3,1
2,5,128,5,-1
1,9,165,4,-1
2,15,165,4,-1
2,4,26,2,-1
2,6,128,3,-1
2,5,128,6,-1
2,5,165,4,-1
1,18,14,6,1
2,18,128,5,1
2,7,165,4,-1
1,6,26,3,-1
1,3,26,6,1
1,15,14,3,-1
2,5,165,5,1
2,0,153,6,1
1,18,51,2,-1
2,9,165,4,-1
1,0,26,4,-1
2,4,26,3,-1
2,4,45,6,-1
2,7,165,5,1
2,15,165,5,-1
2,5,26,3,-1
1,15,165,2,-1
2,8,153,2,1
2,5,143,1,-1
1,16,165,7,1
1,15,14,4,1
1,13,165,4,-1
1,6,26,4,-1
2,0,26,6,1
1,0,153,5,-1
2,6,128,4,-1
2,5,128,7,-1
1,9,143,0,-1
2,9,165,5,-1
2,6,128,5,-1
1,2,153,1,-1
2,3,26,2,-1
2,1,128,6,-1
2,5,135,1,-1
2,7,26,4,-1
2,7,128,2,-1
2,3,26,3,-1
2,0,51,2,-1
2,12,161,2,-1
2,4,18,3,-1
1,16,59,2,-1
1,10,59,3,-1
1,18,161,3,1
2,17,161,2,1
2,4,33,2,-1
2,5,33,7,1
2,6,33,7,1
1,4,33,6,-1
1,5,33,7,1
1,7,33,7,1
2,9,33,6,1
2,11,33,6,1
1,10,33,4,-1
2,12,33,5,1
1,11,33,4,-1
1,10,33,5,1
2,2,53,3,1
2,19,161,1,1
2,12,59,5,-1
2,11,59,5,-1
2,9,161,1,-1
2,5,53,4,1
1,14,59,6,-1
2,16,146,1,-1
2,15,146,1,1
2,9,146,1,-1
2,9,146,2,-1
1,8,146,2,-1
2,6,146,2,1
2,5,146,2,1
1,6,146,1,-1
1,5,146,3,1
2,4,146,2,-1
1,3,146,2,-1
1,3,146,3,-1
2,0,146,2,-1
2,8,59,3,-1
2,19,146,2,-1
2,19,146,3,-1
1,19,146,0,-1
1,19,146,1,-1
1,19,146,2,-1
1,19,146,3,-1
2,19,146,4,-1
2,19,146,5,-1
1,19,146,4,-1
1,19,146,5,-1
1,19,146,6,-1
2,19,146,6,-1
1,19,146,7,1
1,8,53,5,-1
1,12,161,3,-1
1,2,33,2,-1
1,3,33,4,-1
2,9,33,6,-1
1,11,161,3,-1
1,0,18,2,-1
1,3,161,5,-1
1,0,33,0,-1
1,17,18,2,1
2,4,45,7,-1
2,5,135,2,-1
1,2,153,2,-1
2,4,51,4,1
2,7,26,5,1
2,0,51,3,1
2,7,165,5,-1
2,15,165,6,1
2,19,143,1,-1
1,19,36,0,-1
2,19,143,2,-1
2,19,143,3,-1
1,19,36,1,-1
1,19,36,2,-1
1,19,36,3,-1
1,19,36,4,-1
2,19,143,4,-1
1,19,36,5,-1
1,19,36,6,-1
2,19,143,5,-1
2,19,143,6,-1
2,19,143,7,1
2,7,128,3,-1
1,0,143,7,-1
1,9,165,5,1
1,10,135,0,-1
2,5,36,5,-1
2,7,128,4,-1
2,5,143,2,1
2,10,153,2,1
2,0,26,6,-1
1,0,26,5,-1
1,0,26,6,-1
1,0,26,7,-1
1,0,26,0,1
1,0,135,0,1
2,2,26,3,-1
1,7,36,7,1
2,10,165,5,-1
1,18,51,3,-1
1,18,51,4,-1
2,10,26,4,-1
1,2,153,3,-1
2,9,165,6,1
2,7,26,5,-1
1,2,153,4,-1
2,6,128,6,-1
2,6,128,7,-1
1,4,26,6,1
2,1,128,7,-1
2,7,128,5,-1
2,4,128,0,-1
1,0,36,4,-1
2,17,51,5,-1
1,9,143,1,1
2,0,14,2,-1
1,0,14,1,-1
1,10,135,1,-1
2,5,135,3,-1
1,0,149,6,1
1,0,158,6,1
2,17,149,1,-1
2,0,30,6,-1
2,16,141,6,-1
2,4,128,1,-1
2,9,135,0,-1
2,10,26,5,1
2,5,26,4,-1
1,17,14,5,1
2,4,128,2,-1
2,19,153,1,1
1,3,36,5,-1
2,2,26,4,-1
2,5,135,4,-1
1,8,26,5,1
2,19,143,7,-1
2,5,143,2,-1
1,14,165,5,-1
1,6,26,5,1
2,0,14,3,1
2,7,165,6,1
1,3,36,6,1
1,0,36,5,-1
2,7,26,6,1
2,17,51,6,1
2,0,51,3,-1
1,0,51,3,-1
1,0,51,4,-1
1,0,51,5,-1
1,0,51,6,-1
1,0,51,7,-1
1,0,51,0,1
2,5,135,5,-1
1,14,165,6,-1
1,3,153,5,1
2,1,26,6,1
1,19,128,1,-1
1,18,51,5,1
2,5,135,6,-1
1,5,26,4,-1
2,7,128,6,-1
1,13,165,5,-1
2,7,128,7,-1
2,3,26,4,-1
1,7,51,6,-1
1,4,153,4,-1
1,1,153,2,-1
1,0,36,6,-1
1,19,143,0,-1
2,4,128,3,-1
2,4,128,4,-1
1,11,165,5,1
1,9,143,1,-1
1,10,135,2,-1
1,10,135,3,-1
2,17,149,2,1
2,9,135,1,1
2,19,141,1,-1
2,5,135,7,-1
1,10,135,4,-1
1,7,149,7,-1
2,9,135,1,-1
2,0,30,7,-1
2,7,38,6,-1
2,8,135,0,-1
2,16,141,7,-1
1,10,135,5,-1
2,19,149,1,-1
2,19,149,2,-1
2,19,149,3,-1
2,19,149,4,-1
2,19,149,5,-1
2,19,149,6,-1
1,19,30,0,-1
2,19,149,7,1
1,19,38,6,-1
1,19,38,7,1
2,3,18,3,-1
2,0,161,6,1
2,0,18,4,-1
2,14,53,7,1
2,12,53,3,-1
1,12,53,6,-1
1,13,53,3,-1
2,15,53,6,1
1,15,53,4,-1
2,13,59,5,-1
1,2,18,2,-1
1,16,161,3,1
2,15,59,1,-1
2,0,33,3,-1
2,1,33,3,-1
2,2,33,5,1
1,1,33,1,-1
2,3,33,2,-1
2,4,33,3,-1
1,4,33,7,1
2,9,33,7,1
1,11,33,5,1
2,14,33,4,-1
1,5,18,2,1
1,1,33,2,-1
1,13,53,4,-1
2,14,59,1,-1
1,0,33,1,-1
1,9,53,4,-1
2,16,53,2,-1
1,0,53,1,-1
1,8,53,6,1
2,17,59,0,-1
2,11,161,1,-1
1,3,59,3,1
2,18,126,2,-1
2,14,33,5,1
1,7,120,1,1
1,8,59,5,1
1,2,53,0,-1
1,15,126,3,1
2,6,53,2,-1
2,7,53,3,-1
1,9,53,5,-1
1,15,59,1,-1
2,9,120,1,1
1,5,59,1,-1
2,16,120,1,-1
2,0,120,1,1
1,2,146,1,-1
1,11,53,4,-1
2,17,53,3,-1
1,11,53,5,-1
2,13,53,2,-1
2,13,53,3,-1
1,15,120,1,-1
1,2,53,1,-1
2,8,53,2,-1
2,0,126,2,1
2,10,161,3,-1
1,8,161,1,-1
2,10,53,4,-1
2,11,53,3,-1
1,11,53,6,-1
1,12,53,7,1
1,13,53,5,-1
1,13,53,6,-1
2,15,161,1,-1
2,13,161,1,-1
1,8,161,2,-1
1,1,161,2,-1
2,2,18,1,-1
2,18,120,4,-1
2,5,120,0,1
1,9,161,1,-1
1,3,146,4,1
2,1,146,3,1
1,2,146,2,-1
2,0,146,3,-1
1,1,146,2,-1
1,0,146,3,-1
2,13,161,2,-1
1,10,59,4,-1
2,16,146,2,1
2,3,18,4,1
2,4,120,0,1
1,1,33,3,-1
2,1,146,3,-1
2,0,146,4,1
1,1,146,3,-1
1,13,120,3,1
1,1,59,2,1
1,16,59,3,-1
1,9,59,2,-1
1,12,120,1,-1
2,3,59,2,-1
1,18,59,3,-1
2,11,59,6,1
2,11,120,1,-1
2,18,120,5,1
1,11,59,2,-1
1,15,161,3,-1
1,2,146,3,-1
1,7,161,2,-1
2,2,161,3,-1
1,14,161,2,-1
1,13,161,2,-1
2,8,161,4,-1
2,6,161,0,-1
1,7,161,3,-1
2,2,161,4,-1
1,3,161,6,1
1,2,161,1,-1
2,1,18,5,1
1,0,161,1,-1
2,13,53,4,-1
1,14,53,6,-1
1,15,53,5,-1
1,10,120,2,1
1,0,53,2,1
1,14,126,1,-1
2,4,18,4,1
2,11,161,2,-1
2,18,59,4,-1
2,12,59,6,1
2,10,161,4,-1
2,8,161,5,1
2,7,161,3,-1
2,5,161,3,-1
1,7,161,4,-1
1,5,161,2,-1
2,0,18,5,1
1,1,161,3,-1
1,4,53,2,-1
2,17,120,2,-1
2,13,126,3,1
1,9,161,2,-1
1,7,161,5,-1
2,2,161,5,-1
1,2,161,2,-1
1,0,161,2,-1
1,1,18,2,-1
1,2,18,3,1
2,9,120,1,-1
2,10,18,0,-1
1,0,126,0,-1
2,9,126,1,1
1,10,59,5,-1
1,17,53,3,-1
2,12,120,0,-1
2,3,59,3,1
2,10,59,1,-1
2,18,59,5,-1
1,15,120,2,-1
2,0,18,5,-1
1,0,18,3,-1
1,0,18,4,-1
1,0,18,5,-1
1,0,18,6,-1
1,0,18,7,-1
1,0,18,0,1
1,7,59,2,-1
2,14,120,3,-1
2,5,161,4,-1
1,7,161,6,-1
2,2,161,6,1
1,4,161,4,-1
1,2,161,3,-1
2,6,18,3,1
1,18,126,2,-1
1,15,59,2,-1
1,14,161,3,-1
1,17,161,3,1
2,17,126,1,-1
1,4,161,5,-1
1,6,59,3,-1
2,7,18,2,-1
1,7,161,7,1
1,3,33,5,-1
2,16,53,3,-1
2,5,161,5,-1
1,5,161,3,-1
2,11,126,0,-1
2,8,59,4,-1
2,9,135,2,-1
2,8,135,1,-1
2,0,45,3,-1
1,8,161,3,-1
1,14,161,4,1
1,2,53,2,-1
2,4,53,0,-1
1,4,53,3,-1
1,13,126,2,1
1,0,33,2,-1
2,10,53,5,-1
1,10,59,6,1
1,17,59,3,-1
2,4,33,4,-1
2,9,33,7,-1
1,9,59,3,-1
2,11,120,2,1
2,2,120,1,1
1,15,161,4,1
1,1,146,4,1
1,6,53,1,-1
2,17,126,2,-1
1,1,53,0,-1
1,16,126,1,-1
1,2,53,3,1
1,16,126,2,-1
1,3,53,2,-1
1,4,53,4,1
1,14,126,2,-1
1,5,53,2,-1
2,0,33,4,-1
1,0,33,3,-1
2,0,33,5,-1
1,0,33,4,-1
2,0,33,6,-1
2,0,33,7,-1
2,0,33,0,1
2,9,146,3,-1
1,8,146,3,-1
1,13,161,3,-1
1,0,33,5,1
1,1,33,4,-1
1,2,33,3,-1
2,4,33,5,-1
1,3,33,6,1
2,19,146,7,1
2,7,59,4,-1
2,10,161,5,1
1,6,59,4,1
2,16,120,2,-1
1,14,126,3,1
2,9,146,4,-1
1,8,146,4,-1
1,6,146,2,1
2,5,18,3,1
1,10,53,4,-1
2,18,161,1,-1
1,10,33,5,-1
2,11,53,4,-1
1,16,53,3,-1
1,8,161,4,-1
2,3,161,5,-1
1,4,161,6,1
2,1,161,3,-1
2,7,161,4,-1
2,5,161,6,-1
1,6,161,4,-1
2,1,161,4,-1
2,14,59,2,-1
1,0,146,4,-1
1,16,126,3,-1
1,3,53,3,1
2,6,59,4,1
1,18,126,3,-1
1,1,53,1,-1
2,13,120,0,-1
2,3,161,6,-1
2,5,161,7,1
1,8,161,5,-1
2,3,161,7,1
2,19,161,1,-1
1,19,161,0,-1
1,19,161,1,-1
1,19,161,2,-1
1,19,161,3,-1
1,19,161,4,-1
1,19,161,5,-1
1,19,161,6,-1
1,19,161,7,1
2,2,161,6,-1
2,1,161,5,-1
1,0,161,3,-1
1,5,161,4,-1
1,15,59,3,-1
1,11,59,3,-1
2,16,53,4,-1
1,16,53,4,-1
1,7,53,4,-1
2,15,161,2,-1
1,1,53,2,-1
2,0,53,1,-1
1,8,146,5,-1
2,1,161,6,1
2,16,126,2,-1
1,16,126,4,1
2,15,126,2,-1
1,3,53,3,-1
2,16,120,3,-1
2,9,146,5,-1
2,9,146,6,-1
1,8,146,6,-1
1,8,146,7,-1
2,9,53,6,1
2,9,161,2,-1
2,1,146,4,1
1,14,59,7,1
2,18,146,2,-1
1,6,53,2,-1
1,18,53,0,-1
2,0,53,2,1
2,9,135,3,-1
2,8,135,2,-1
1,0,126,1,-1
1,14,53,7,1
1,10,33,6,1
1,11,161,4,-1
1,1,33,5,1
2,18,161,2,1
2,15,161,3,1
2,13,161,3,1
2,12,161,3,-1
1,13,161,4,1
1,0,126,2,1
1,15,120,3,-1
2,5,59,2,-1
2,17,120,3,-1
1,7,59,3,-1
2,14,120,4,1
1,17,126,1,-1
2,15,126,3,1
1,3,53,4,1
2,4,53,1,-1
1,13,126,2,-1
1,3,18,2,-1
2,15,59,2,-1
2,15,59,3,-1
2,7,59,5,1
1,15,120,4,1
2,17,59,1,-1
1,10,53,5,-1
1,5,59,2,-1
1,16,120,3,-1
1,17,59,4,-1
1,6,161,5,-1
1,6,161,6,-1
2,12,161,4,1
1,4,18,3,1
1,16,53,5,-1
1,9,53,6,1
1,11,53,7,1
2,12,53,4,-1
2,13,53,5,-1
2,7,18,3,1
2,12,120,1,-1
2,16,53,5,-1
1,18,120,3,-1
1,17,120,3,-1
1,2,120,1,1
1,12,120,2,1
2,10,53,6,1
1,10,53,6,1
2,11,53,5,-1
2,12,53,5,-1
1,13,53,7,1
1,15,53,6,1
1,16,53,6,1
2,17,53,4,-1
1,17,53,4,-1
2,0,59,2,-1
1,0,59,2,-1
2,7,38,7,1
1,12,149,1,-1
1,19,30,1,-1
1,19,30,2,-1
1,12,161,4,-1
1,9,161,3,-1
1,13,161,4,-1
1,11,161,5,1
1,10,161,2,-1
1,9,161,4,-1
1,6,161,7,1
2,2,161,7,1
1,5,161,5,-1
1,2,161,4,-1
2,2,18,2,-1
2,18,126,3,-1
2,19,126,0,-1
2,18,146,3,1
2,4,53,2,-1
2,5,143,3,-1
1,6,165,4,1
1,13,165,6,1
2,4,128,5,-1
2,3,26,5,-1
2,0,14,3,-1
1,0,14,2,-1
1,0,14,3,-1
2,9,135,4,-1
2,19,149,7,-1
1,19,30,3,-1
2,0,14,4,-1
2,0,51,4,-1
1,12,153,1,-1
2,5,26,5,-1
1,0,153,6,1
1,14,165,7,1
1,7,51,7,-1
2,0,45,4,-1
2,3,26,6,-1
2,4,26,4,-1
2,0,51,5,-1
2,10,165,6,-1
1,5,26,5,-1
1,0,14,4,-1
2,19,165,2,-1
2,19,165,3,-1
2,19,165,4,-1
1,19,165,0,-1
1,19,165,1,-1
1,19,165,2,-1
2,19,165,5,-1
1,19,165,3,-1
2,19,165,6,-1
2,19,165,7,1
1,3,26,6,-1
2,10,165,7,1
2,8,51,6,-1
1,4,153,5,1
2,3,26,7,1
2,4,26,5,-1
2,5,36,6,1
1,15,165,3,-1
1,15,165,4,-1
1,15,165,5,-1
2,4,26,6,-1
2,17,51,6,-1
2,0,51,6,-1
1,9,143,2,-1
2,5,143,4,-1
2,2,26,5,-1
2,4,26,7,1
2,0,26,7,-1
2,0,45,5,-1
1,2,153,5,-1
1,5,26,6,1
1,0,36,7,-1
1,15,165,6,-1
1,2,153,6,1
2,8,135,3,-1
1,9,143,3,-1
1,0,14,5,-1
2,0,45,6,-1
2,9,135,5,-1
2,5,143,5,-1
2,9,135,6,-1
2,17,153,0,-1
1,0,14,6,-1
1,9,143,4,-1
1,1,153,3,-1
1,16,128,3,-1
1,10,135,6,-1
2,8,135,4,-1
1,19,165,4,-1
2,4,128,6,-1
1,1,26,5,-1
2,2,26,6,-1
1,19,36,7,1
2,5,26,6,1
1,15,165,7,1
2,4,128,7,-1
2,0,14,5,-1
1,1,153,4,-1
2,0,45,7,-1
1,12,149,2,-1
2,9,135,7,-1
1,0,45,3,-1
2,0,45,0,1
1,10,135,7,-1
2,8,135,5,-1
2,8,135,6,-1
1,19,149,1,1
2,2,38,5,1
2,8,135,7,-1
2,19,141,2,-1
1,12,149,3,-1
2,11,38,6,-1
1,0,11,2,-1
1,0,149,6,-1
1,19,30,4,-1
1,19,30,5,-1
1,19,30,6,-1
1,19,30,7,1
2,0,30,0,1
2,18,45,5,1
2,19,158,1,-1
2,4,59,2,-1
2,13,120,1,-1
1,3,18,3,1
2,6,53,3,-1
2,12,53,6,-1
1,8,161,6,1
1,0,45,4,-1
2,10,59,2,-1
2,18,59,6,1
1,7,53,5,1
1,2,33,4,-1
2,13,120,2,-1
2,4,33,6,1
1,1,53,3,1
1,2,146,4,1
2,8,53,3,-1
1,17,53,5,1
1,18,53,1,-1
2,18,126,4,-1
2,1,53,1,-1
2,17,126,3,-1
1,17,126,2,-1
2,15,126,3,-1
2,4,53,3,-1
1,13,126,3,1
2,10,18,1,1
1,12,161,5,1
1,18,53,2,-1
2,12,53,7,1
2,13,53,6,-1
2,13,53,7,1
2,16,53,6,1
1,0,146,5,1
2,1,33,4,-1
2,3,33,3,-1
1,2,33,5,-1
1,15,33,4,-1
1,0,161,4,-1
1,16,59,4,-1
1,4,126,0,-1
2,15,59,4,-1
1,13,59,0,-1
1,16,120,4,1
2,14,59,3,-1
1,7,59,4,-1
1,0,59,3,-1
2,16,59,4,-1
1,18,53,3,-1
1,5,53,3,-1
2,3,33,4,-1
2,19,146,7,-1
2,18,146,3,-1
1,0,33,5,-1
2,9,146,7,-1
2,4,146,3,1
1,3,146,4,-1
2,4,53,4,1
1,19,146,7,-1
1,5,161,6,1
1,13,59,1,-1
2,7,59,5,-1
2,0,59,3,-1
2,15,59,5,-1
2,6,120,0,-1
2,9,161,3,-1
2,6,53,4,-1
2,8,59,5,1
1,1,161,4,-1
1,8,161,6,-1
2,11,161,3,-1
2,1,33,5,1
1,11,59,4,-1
2,7,53,4,-1
2,14,59,4,-1
2,15,59,6,-1
1,7,59,5,1
1,10,161,3,-1
1,9,59,4,-1
1,0,11,3,-1
2,11,38,7,-1
1,0,45,5,-1
1,0,14,7,-1
1,19,153,0,1
2,3,51,4,-1
1,1,26,6,-1
1,0,45,6,-1
2,8,51,7,-1
2,17,51,7,-1
1,12,153,2,1
2,2,26,7,1
1,13,143,0,-1
2,5,143,6,-1
2,5,143,7,-1
1,9,143,5,-1
1,1,26,7,1
1,9,143,6,-1
2,0,51,7,-1
2,14,51,6,1
2,17,153,1,1
2,0,14,6,-1
1,11,165,5,-1
1,0,45,7,-1
1,19,128,2,-1
1,19,128,3,-1
2,19,128,0,-1
2,19,128,1,-1
1,19,128,4,-1
2,19,128,2,-1
2,19,128,3,-1
1,19,128,5,-1
1,19,128,6,-1
2,19,128,4,-1
1,19,128,7,1
2,0,14,7,-1
2,11,51,7,-1
1,16,128,4,1
1,2,51,3,-1
1,18,120,4,-1
2,13,59,6,-1
2,9,120,2,1
1,1,33,5,-1
1,2,33,6,1
1,2,59,0,-1
2,7,161,5,-1
1,15,33,5,-1
1,3,146,5,-1
1,0,33,6,-1
2,3,33,5,1
2,5,33,7,-1
1,15,33,6,-1
1,15,33,7,-1
1,11,126,1,1
2,8,53,4,-1
1,5,161,6,-1
2,12,120,2,-1
2,2,59,0,-1
1,17,59,5,-1
2,11,161,4,1
2,13,59,7,1
2,11,53,6,1
1,10,53,6,-1
1,4,126,1,1
1,12,59,3,-1
1,18,59,4,-1
2,10,126,1,1
1,0,33,7,-1
2,6,161,1,-1
2,18,146,4,-1
2,18,146,5,-1
2,9,161,4,-1
2,8,53,5,1
2,11,126,1,-1
1,6,53,3,-1
1,15,59,4,-1
1,0,59,4,-1
2,0,59,4,-1
1,0,59,5,-1
2,0,59,5,-1
2,0,59,6,-1
1,0,59,6,-1
1,0,59,7,-1
2,0,59,7,-1
1,0,59,0,1
2,10,59,3,-1
1,18,59,5,1
1,11,59,5,-1
1,17,59,6,1
1,9,59,5,-1
2,1,53,2,1
2,7,53,5,1
2,11,126,2,1
2,10,59,4,-1
1,19,53,0,-1
2,19,53,0,-1
2,19,53,1,-1
2,19,53,2,-1
1,19,53,1,-1
2,19,53,3,-1
1,19,53,2,-1
1,19,53,3,-1
2,19,53,4,-1
2,19,53,5,-1
1,19,53,4,-1
2,19,53,6,-1
1,19,53,5,-1
1,19,53,6,-1
1,19,53,7,1
2,12,59,6,-1
1,2,161,5,1
1,10,161,4,-1
1,9,36,6,-1
1,13,143,1,1
1,1,153,5,-1
1,2,51,4,1
1,2,51,4,-1
1,3,26,7,1
1,0,45,0,1
1,12,149,4,-1
2,6,120,1,-1
2,6,161,2,-1
2,12,120,3,1
2,10,59,5,-1
1,11,59,6,1
1,1,33,6,1
2,3,33,5,-1
2,18,146,6,-1
2,17,53,5,-1
1,15,59,5,-1
1,2,59,1,-1
1,13,161,5,1
2,6,120,2,-1
2,13,120,3,1
2,18,146,7,-1
2,13,146,0,-1
1,3,146,6,-1
2,15,59,7,1
2,16,59,5,-1
2,6,120,3,-1
1,6,53,4,-1
2,17,120,4,-1
1,10,53,7,1
2,18,126,5,1
2,17,126,4,1
2,1,53,2,-1
1,17,126,3,-1
2,16,126,3,-1
2,6,53,5,1
1,5,53,4,1
1,5,53,4,-1
1,11,126,1,-1
1,13,59,2,-1
1,5,161,7,1
2,16,120,4,1
1,2,59,2,-1
1,13,59,3,-1
2,14,59,5,-1
2,0,18,6,-1
2,0,18,7,-1
1,1,161,5,1
2,2,18,3,-1
1,1,18,3,-1
1,9,143,7,-1
2,3,51,5,-1
1,9,36,7,1
1,17,120,4,-1
2,14,59,6,-1
1,9,59,6,1
2,16,126,4,1
1,17,126,4,1
2,15,126,4,1
1,5,53,5,1
1,3,146,7,-1
1,12,120,2,-1
1,2,59,3,1
1,12,59,4,-1
2,2,18,4,-1
2,12,59,7,1
2,17,59,2,-1
1,15,59,6,-1
2,10,128,1,-1
1,11,165,6,1
1,11,126,2,1
2,13,146,1,1
2,13,146,1,-1
1,12,120,3,1
1,1,18,4,1
1,10,161,5,-1
1,13,59,4,-1
1,16,59,5,-1
2,16,120,4,-1
1,1,33,6,-1
2,3,33,6,1
1,10,161,6,1
1,8,161,7,1
2,10,59,6,1
1,5,53,5,-1
1,6,53,5,1
1,9,161,5,-1
1,9,161,6,1
2,14,59,7,1
2,4,59,3,1
2,0,126,2,-1
1,0,126,2,-1
1,18,126,4,1
2,1,53,3,1
1,5,53,6,-1
2,0,126,3,-1
1,0,126,3,-1
1,18,53,4,-1
1,5,53,7,-1
2,10,126,1,-1
2,0,126,4,-1
1,0,126,4,-1
1,0,53,2,-1
2,0,59,0,1
2,13,146,2,-1
2,17,53,6,1
1,4,59,3,-1
1,8,126,1,-1
2,0,126,5,-1
1,0,126,5,-1
1,0,126,6,-1
1,0,126,7,-1
2,0,126,6,-1
2,0,126,7,-1
2,0,126,0,1
1,1,33,7,-1
1,2,51,5,-1
1,2,51,6,-1
1,2,51,7,-1
1,0,14,0,1
1,1,153,6,1
1,19,143,1,-1
2,3,51,6,-1
2,3,51,7,-1
2,5,26,6,-1
2,10,128,2,1
1,14,36,5,-1
2,10,128,2,-1
2,10,128,3,-1
2,0,51,0,1
1,14,36,6,-1
2,10,128,4,-1
1,9,36,7,-1
2,0,26,0,1
2,10,128,5,-1
2,10,128,6,-1
1,0,11,4,-1
1,0,149,7,-1
1,12,149,5,-1
1,12,149,6,-1
2,16,38,5,-1
1,12,149,7,-1
1,19,158,2,-1
1,19,120,1,-1
2,17,59,3,-1
1,17,146,1,-1
2,13,146,3,-1
2,17,59,4,-1
1,13,59,5,-1
1,0,53,3,1
2,10,126,2,1
2,9,161,5,1
1,0,161,5,1
1,19,120,2,-1
1,5,59,3,-1
1,8,146,1,1
2,4,146,3,-1
2,19,126,1,-1
2,17,59,5,-1
1,15,59,7,1
2,16,59,6,1
2,6,161,3,-1
1,8,126,2,-1
1,8,126,3,-1
2,6,161,4,-1
2,13,146,4,-1
1,18,120,5,1
2,6,161,5,-1
2,13,146,5,-1
2,7,59,6,-1
2,17,59,6,1
2,2,18,5,1
1,3,146,3,1
2,5,59,3,1
2,2,59,1,-1
1,19,120,3,-1
2,19,120,0,-1
1,19,120,4,-1
1,19,120,5,-1
2,19,120,1,-1
2,19,120,2,-1
1,19,120,6,-1
2,19,120,3,-1
2,19,120,4,-1
1,19,120,7,1
2,16,38,6,-1
1,0,11,5,-1
1,0,11,6,-1
1,0,11,7,-1
1,0,11,0,1
2,16,38,7,-1
2,10,128,7,-1
2,5,26,7,1
1,0,143,0,1
1,19,165,5,-1
1,19,165,6,-1
1,14,36,7,-1
2,7,161,6,1
1,13,59,6,-1
1,17,146,2,1
1,17,146,2,-1
